ATCG00020	2.772575780637583e-05
ATCG00680	2.772575780637583e-05
ATCG00280	2.772575780637583e-05
ATCG00270	2.772575780637583e-05
ATCG00580	2.772575780637583e-05
ATCG00570	2.772575780637583e-05
ATCG00710	2.772575780637583e-05
ATCG00080	2.772575780637583e-05
ATCG00550	2.772575780637583e-05
ATCG00070	2.772575780637583e-05
ATCG00560	2.772575780637583e-05
ATCG00220	2.772575780637583e-05
ATCG00700	2.772575780637583e-05
AT3G50820	1.3862878903187915e-05
AT1G06680	1.3862878903187915e-05
AT4G21280	1.3862878903187915e-05
AT1G79040	2.772575780637583e-05
AT1G44575	2.772575780637583e-05
ATCG00690	2.772575780637583e-05
AT3G21055	1.3862878903187915e-05
AT2G30570	2.772575780637583e-05
AT2G06520	2.772575780637583e-05
AT1G67740	2.772575780637583e-05
ATCG00300	2.772575780637583e-05
AT5G66570	1.3862878903187915e-05
AT2G30790	1.3862878903187915e-05
AT4G05180	1.3862878903187915e-05
AT1G51400	1.3862878903187915e-05
M_cholphya_h	0.014896269023435603
M_chlb_h	0.007497015535275257
ATCG00540	7.599745218117367e-05
ATCG00720	7.599745218117367e-05
AT4G03280	7.599745218117367e-05
ATCG00730	7.599745218117367e-05
ATCG00600	7.599745218117367e-05
ATCG00590	7.599745218117367e-05
AT2G26500	3.799872609058684e-05
ATCG00210	7.599745218117367e-05
AT1G20340	1.899936304529342e-05
AT1G76100	3.799872609058684e-05
ATCG00350	7.599745218117367e-05
ATCG00340	7.599745218117367e-05
ATCG01060	7.599745218117367e-05
AT4G02770	3.799872609058684e-05
AT4G28750	3.799872609058684e-05
AT1G31330	7.599745218117367e-05
AT1G55670	7.599745218117367e-05
AT3G16140	3.799872609058684e-05
ATCG00510	7.599745218117367e-05
ATCG00630	7.599745218117367e-05
AT1G30380	7.599745218117367e-05
AT4G12800	7.599745218117367e-05
AT5G64040	7.599745218117367e-05
AT1G08380	7.599745218117367e-05
AT2G46820	7.599745218117367e-05
AT1G60950	7.599745218117367e-05
AT1G03130	3.799872609058684e-05
AT2G20260	3.799872609058684e-05
AT1G52230	3.799872609058684e-05
AT5G66190	1.063525726771781e-05
AT1G20020	3.190577180315343e-05
AT1G30510	1.063525726771781e-05
AT4G05390	1.063525726771781e-05
ATCG00120	4.8855504973611644e-05
ATCG00480	4.8855504973611644e-05
AT1G15700	8.142584162268607e-06
AT4G09650	1.6285168324537215e-05
ATCG00470	1.6285168324537215e-05
ATCG00150	1.6285168324537215e-05
ATCG00140	0.00016285168324537216
ATCG00130	2.171355776604962e-05
AT4G32260	5.428389441512405e-06
AT4G04640	8.142584162268607e-06
average_protein	5.525112926893944e-05
ATCG00490	0.000599198210798714
AT5G38430	0.0001497995526996785
AT5G38420	0.0001497995526996785
AT1G67090	0.0001497995526996785
AT5G38410	0.0001497995526996785
AT3G12780	1.9103322621389923e-05
AT1G56190	1.5479034202979183e-05
AT3G26650	6.053104232436049e-05
AT1G12900	6.053104232436049e-05
AT1G42970	3.0265521162180244e-05
AT3G55440	9.524325121510376e-06
AT2G21170	9.524325121510376e-06
AT3G60750	9.032314710807959e-06
AT2G45290	9.032314710807959e-06
AT2G01140	6.339656129721254e-06
AT4G26530	6.351528871264049e-06
AT3G52930	6.351528871264049e-06
AT4G38970	6.339656129721254e-06
AT5G03690	6.351528871264049e-06
AT2G21330	6.339656129721254e-06
AT3G55800	1.9018968389163763e-05
AT5G61410	7.219142926285532e-05
AT3G04790	4.444607460129422e-06
AT5G44520	4.444607460129422e-06
AT1G32060	2.693693525429179e-05
AT4G24620	9.543389675478456e-07
AT1G23190	1.5898961011484606e-07
AT1G70730	1.5898961011484606e-07
AT5G51820	1.5898961011484606e-07
AT5G19220	1.0659241482063576e-07
AT5G48300	2.1318482964127152e-07
AT1G27680	1.0659241482063576e-07
AT4G39210	1.0659241482063576e-07
AT2G21590	1.0659241482063576e-07
AT1G05610	2.1318482964127152e-07
AT5G24300	5.329620741031787e-08
AT3G01180	5.329620741031787e-08
AT1G11720	5.329620741031787e-08
AT4G18240	5.329620741031787e-08
AT1G69830	3.664465574991136e-09
AT5G18670	6.107442624985227e-10
AT3G23920	6.107442624985227e-10
AT4G00490	6.107442624985227e-10
AT4G17090	6.107442624985227e-10
AT4G15210	6.107442624985227e-10
AT2G32290	6.107442624985227e-10
AT5G64860	3.211003977154929e-09
AT2G40840	3.211003977154929e-09
AT4G26520	1.187274154279598e-08
AT2G36460	1.187274154279598e-08
AT1G43670	2.968185385698995e-08
AT5G64380	2.968185385698995e-08
AT1G64190	4.206737278012142e-07
AT5G41670	4.206737278012142e-07
AT1G63290	4.193026475521309e-09
AT3G01850	4.193026475521309e-09
AT1G71100	4.193026475521309e-09
AT2G01290	4.193026475521309e-09
AT5G17310	1.3189200035163331e-07
AT3G03250	1.3189200035163331e-07
AT5G20280	7.420463464247487e-09
AT1G04920	7.420463464247487e-09
AT4G10120	7.420463464247487e-09
AT5G11110	7.420463464247487e-09
AT2G35840	7.420463464247487e-09
AT3G52340	7.420463464247487e-09
AT1G51420	7.420463464247487e-09
AT3G54270	7.420463464247487e-09
AT5G20830	4.182561932417451e-09
AT5G49190	4.182561932417451e-09
AT3G43190	4.182561932417451e-09
AT4G02280	4.182561932417451e-09
AT1G60140	1.8241220853144073e-11
AT2G18700	1.8241220853144073e-11
AT1G78580	1.8241220853144073e-11
AT1G16980	1.8241220853144073e-11
AT1G17000	1.8241220853144073e-11
AT1G06410	1.8241220853144073e-11
AT1G23870	1.8241220853144073e-11
AT1G68020	1.8241220853144073e-11
AT1G70290	1.8241220853144073e-11
AT4G17770	1.8241220853144073e-11
AT4G27550	1.8241220853144073e-11
AT1G22210	2.006534293845848e-11
AT1G35910	2.006534293845848e-11
AT2G22190	2.006534293845848e-11
AT4G12430	2.006534293845848e-11
AT4G22590	2.006534293845848e-11
AT4G39770	2.006534293845848e-11
AT5G65140	2.006534293845848e-11
AT1G78090	2.006534293845848e-11
AT5G10100	2.006534293845848e-11
AT5G51460	2.006534293845848e-11
AT4G32410	2.5292498227780463e-08
AT4G39350	5.0584996455560926e-08
AT5G05170	5.0584996455560926e-08
AT5G44030	2.5292498227780463e-08
AT5G09870	2.5292498227780463e-08
AT5G64740	2.5292498227780463e-08
AT5G17420	2.5292498227780463e-08
AT4G18780	2.5292498227780463e-08
AT2G21770	2.5292498227780463e-08
AT2G25540	2.5292498227780463e-08
AT5G43330	2.045371437362212e-06
AT5G56720	2.045371437362212e-06
AT2G22780	4.1558467833140934e-06
AT5G09660	4.1558467833140934e-06
AT1G53310	7.934774709720794e-07
AT2G42600	7.934774709720794e-07
AT3G14940	7.934774709720794e-07
AT1G68750	7.934774709720794e-07
AT2G29560	1.4289249467613243e-06
AT2G36530	1.4289249467613243e-06
AT5G04120	3.5723123669033107e-07
AT3G50520	3.5723123669033107e-07
AT1G09780	3.5723123669033107e-07
AT3G08590	3.5723123669033107e-07
AT1G79550	3.624288418410742e-06
AT3G04120	1.4497153673642967e-05
AT1G13440	1.4497153673642967e-05
AT1G79530	1.3850944875562388e-06
AT1G16300	1.3850944875562388e-06
AT3G04050	5.285350139814184e-07
AT5G08570	5.285350139814184e-07
AT3G25960	5.285350139814184e-07
AT2G36580	5.285350139814184e-07
AT3G55650	5.285350139814184e-07
AT3G55810	5.285350139814184e-07
AT5G63680	5.285350139814184e-07
AT3G52990	5.285350139814184e-07
AT4G26390	5.285350139814184e-07
AT5G56350	5.285350139814184e-07
AT4G35260	3.688151338124683e-08
AT5G03290	5.5322270071870247e-08
AT2G17130	3.688151338124683e-08
AT4G35650	3.688151338124683e-08
AT3G09810	5.5322270071870247e-08
AT2G18450	1.1678475478969555e-08
AT5G65165	7.785650319313037e-09
AT4G32210	1.1678475478969555e-08
AT2G46505	2.335695095793911e-08
AT1G47420	2.335695095793911e-08
AT1G08480	2.335695095793911e-08
AT5G62575	1.1678475478969555e-08
AT2G46390	2.335695095793911e-08
AT5G66760	1.1678475478969555e-08
AT5G40650	7.785650319313037e-09
AT3G27380	7.785650319313037e-09
AT5G09600	1.1678475478969555e-08
AT3G47833	1.1678475478969555e-08
AT1G53240	1.3739988196539054e-06
AT3G47520	1.3739988196539054e-06
AT3G15020	1.1424924098320688e-06
ATMG01275	5.870507129402368e-06
ATMG00285	5.870507129402368e-06
ATMG00990	5.870507129402368e-06
ATMG00580	5.870507129402368e-06
ATMG00650	5.870507129402368e-06
ATMG00513	5.870507129402368e-06
ATMG00270	5.870507129402368e-06
ATMG00510	5.870507129402368e-06
ATMG00070	5.870507129402368e-06
AT5G37510	5.870507129402368e-06
AT5G11770	5.870507129402368e-06
AT1G16700	2.935253564701184e-06
AT5G08530	5.870507129402368e-06
AT4G02580	5.870507129402368e-06
AT1G79010	2.935253564701184e-06
AT3G16480	2.951121099436593e-06
AT3G02090	5.902242198873186e-06
ATMG00220	1.9674140662910617e-06
AT5G40810	2.951121099436593e-06
AT5G13430	2.951121099436593e-06
AT1G15120	2.951121099436593e-06
AT5G25450	2.951121099436593e-06
AT5G05370	2.951121099436593e-06
AT3G52730	5.902242198873186e-06
AT1G51980	2.951121099436593e-06
AT2G07727	1.9674140662910617e-06
AT3G27240	2.951121099436593e-06
AT5G13440	2.951121099436593e-06
AT2G01090	2.951121099436593e-06
AT4G32470	2.951121099436593e-06
AT3G10860	2.951121099436593e-06
ATMG01360	2.951121099436593e-06
ATMG00160	2.951121099436593e-06
ATMG00730	2.951121099436593e-06
AT1G80230	1.4755605497182965e-06
AT5G61310	9.837070331455308e-07
AT4G37380	2.951121099436593e-06
AT4G28060	9.837070331455308e-07
AT3G15640	1.4755605497182965e-06
AT3G62400	9.837070331455308e-07
AT2G47380	9.837070331455308e-07
AT5G57815	9.837070331455308e-07
AT1G22450	9.837070331455308e-07
ATMG01190	4.417161128313644e-05
AT5G08680	1.4723870427712147e-05
AT2G33040	1.4723870427712147e-05
AT5G47030	7.361935213856074e-06
AT1G51650	1.4723870427712147e-05
ATMG01170	7.361935213856074e-06
ATMG00480	1.4723870427712147e-05
AT2G07671	5.889548171084859e-05
AT3G52300	1.4723870427712147e-05
AT5G08690	1.4723870427712147e-05
AT5G08670	1.4723870427712147e-05
AT5G13450	7.361935213856074e-06
ATMG00410	7.361935213856074e-06
ATMG00640	1.4723870427712147e-05
ATMG01080	5.889548171084859e-05
AT5G36700	1.2116481848387734e-06
AT5G36790	1.2116481848387734e-06
AT5G47760	1.2116481848387734e-06
AT3G14420	4.80301762917116e-06
AT3G14415	4.80301762917116e-06
AT3G14150	1.6445809865743211e-06
AT4G18360	1.6445809865743211e-06
AT3G14130	1.6445809865743211e-06
AT1G20620	2.439077343694676e-06
AT1G20630	2.439077343694676e-06
AT4G35090	2.439077343694676e-06
AT1G23310	1.7684440649936362e-06
AT1G70580	1.7684440649936362e-06
AT4G33010	1.9632469357895544e-06
AT2G26080	1.9632469357895544e-06
AT1G11860	1.9632469357895544e-06
AT1G48030	1.9632469357895544e-06
AT3G17240	1.9632469357895544e-06
AT4G37930	3.943621448803899e-06
AT5G26780	3.943621448803899e-06
AT2G13360	3.7579378722600897e-06
AT1G68010	1.8789689361300449e-06
AT1G80380	1.8789689361300449e-06
AT5G13420	2.5142097855769e-06
AT1G12230	2.5142097855769e-06
AT1G22410	2.3395154650598716e-08
AT4G39980	2.3395154650598716e-08
AT4G33510	2.3395154650598716e-08
AT5G66120	1.403709279035923e-07
AT3G06350	1.403709279035923e-07
AT2G21940	7.005366436997577e-08
AT4G39540	3.5026832184987886e-08
AT2G45300	3.5026832184987886e-08
AT1G48860	3.5026832184987886e-08
AT1G48850	2.802146574799031e-07
AT2G35390	9.114290824664678e-09
AT1G32380	9.114290824664678e-09
AT1G10700	9.114290824664678e-09
AT2G44530	9.114290824664678e-09
AT2G42910	8.378118512879207e-09
AT4G15530	3.3045167499442913e-06
AT1G04410	2.315064098218366e-07
AT3G58750	1.1828368137612985e-07
AT2G42790	1.1828368137612985e-07
AT4G35830	1.5771157516817312e-07
AT2G05710	1.5771157516817312e-07
AT4G26970	1.5771157516817312e-07
AT5G14590	1.0256587165059238e-07
AT3G21720	9.342780383175644e-08
AT5G03860	2.335695095793911e-08
AT5G36880	3.6385313118630563e-07
AT5G16390	1.3553391952363272e-07
AT5G35360	2.7106783904726544e-07
AT2G38040	5.421356780945309e-07
ATCG00500	5.421356780945309e-07
AT5G15530	1.3553391952363272e-07
AT2G30200	2.7106783904726544e-07
AT5G09650	1.924205216359001e-06
AT2G46860	1.7771548757585209e-07
AT1G01050	1.7771548757585209e-07
AT3G53620	1.7771548757585209e-07
AT2G18230	1.7771548757585209e-07
AT4G01480	1.7771548757585209e-07
AT5G14780	6.80209414115153e-08
AT1G50480	6.822641393284368e-08
AT2G21550	3.187654102309544e-10
AT2G16370	3.187654102309544e-10
AT4G34570	3.187654102309544e-10
AT4G35460	4.9885040724719e-10
AT3G51030	6.802505553370774e-11
AT2G17420	4.9885040724719e-10
AT2G41680	4.9885040724719e-10
AT1G11530	6.802505553370774e-11
AT1G19730	6.802505553370774e-11
AT1G45145	6.802505553370774e-11
AT1G59730	6.802505553370774e-11
AT1G69880	6.802505553370774e-11
AT2G40790	6.802505553370774e-11
AT3G53220	6.802505553370774e-11
AT3G56420	6.802505553370774e-11
AT5G39950	6.802505553370774e-11
AT5G42980	6.802505553370774e-11
AT3G09820	3.891633537012092e-09
AT5G03300	3.891633537012092e-09
AT1G77760	1.1406133695423777e-06
AT1G37130	1.1406133695423777e-06
AT2G15620	1.1406133695423777e-06
AT1G08065	9.918468387150992e-08
AT5G04180	9.918468387150992e-08
AT4G20990	1.3478797193970378e-07
AT4G21000	9.918468387150992e-08
AT2G28210	9.918468387150992e-08
AT3G52720	1.3478797193970378e-07
AT1G23730	1.3478797193970378e-07
AT5G14740	1.3478797193970378e-07
AT1G08080	3.560328806819386e-08
AT1G70410	3.560328806819386e-08
AT1G58180	3.560328806819386e-08
AT3G01500	2.1361972840916315e-07
AT4G33580	3.560328806819386e-08
AT1G17290	5.587105420271307e-08
AT1G72330	4.340260759535192e-08
AT3G57560	4.153501494111537e-08
AT2G19940	1.6614005976446148e-07
AT1G80600	4.153501494111537e-08
AT2G37500	4.153501494111537e-08
AT3G27740	4.9361753566479296e-08
AT1G29900	4.9361753566479296e-08
AT1G75330	4.098363505360009e-08
AT4G24830	1.6393454021440036e-07
AT5G10920	4.098363505360009e-08
AT5G50950	3.0038736808008775e-07
AT5G65010	1.0242715366968527e-08
AT5G10240	1.0242715366968527e-08
AT3G47340	1.0242715366968527e-08
AT5G51690	2.9073922178195077e-08
AT1G62960	2.9073922178195077e-08
AT1G62800	2.9073922178195077e-08
AT5G19550	2.9073922178195077e-08
AT2G22250	6.964376046978668e-07
AT4G31990	5.787660245545915e-07
AT5G11520	7.269400171569943e-10
AT2G30970	7.269400171569943e-10
AT1G55920	7.17110191420791e-08
AT2G17640	1.0907437072686501e-08
AT3G13110	7.17110191420791e-08
AT4G35640	1.0907437072686501e-08
AT5G56760	1.0907437072686501e-08
AT4G14880	1.3769742702460933e-08
AT3G22460	3.635812357562167e-09
AT1G55880	3.635812357562167e-09
AT3G04940	3.635812357562167e-09
AT5G28030	3.635812357562167e-09
AT3G61440	1.0133930344898766e-08
AT3G03630	1.0133930344898766e-08
AT2G43750	1.0133930344898766e-08
AT1G51720	3.886920773014659e-07
AT5G04140	1.275156500104922e-06
AT2G41220	1.275156500104922e-06
AT5G18170	3.418862388353079e-08
AT5G07440	3.418862388353079e-08
AT3G03910	3.418862388353079e-08
AT5G17330	3.920623991224501e-11
AT1G65960	3.920623991224501e-11
AT2G02000	3.920623991224501e-11
AT2G02010	3.920623991224501e-11
AT3G17760	3.920623991224501e-11
AT3G17820	7.070923282496992e-06
AT1G48470	7.070923282496992e-06
AT5G35630	7.5381579472727574e-06
AT1G08630	1.6724786980130134e-07
AT3G04520	1.6724786980130134e-07
AT3G66658	2.6759659168208213e-07
AT3G24503	2.6759659168208213e-07
AT4G36250	2.6759659168208213e-07
AT1G44170	2.6759659168208213e-07
AT1G54100	2.6759659168208213e-07
AT1G58080	8.182685517109679e-09
AT1G09795	8.182685517109679e-09
AT1G31860	3.2730742068438715e-08
AT2G36230	1.6365371034219357e-08
AT4G26900	1.6365371034219357e-08
AT3G22425	8.182685517109679e-09
AT4G14910	8.182685517109679e-09
AT5G10330	1.6365371034219357e-08
AT1G71920	1.6365371034219357e-08
AT4G39120	1.6365371034219357e-08
AT5G63890	3.2730742068438715e-08
AT3G10050	1.7192155691290564e-07
AT3G48560	5.524478628437991e-07
AT3G58610	6.792899648207635e-07
AT3G23940	1.6982249120519088e-07
AT3G49680	4.245562280129772e-08
AT1G10070	4.245562280129772e-08
AT5G65780	4.245562280129772e-08
AT1G50090	4.245562280129772e-08
AT1G18500	7.251743144924264e-08
AT1G74040	1.4503486289848528e-07
AT2G43090	4.834495429949509e-08
AT4G13430	1.4503486289848528e-07
AT2G43100	4.834495429949509e-08
AT3G58990	4.834495429949509e-08
AT1G80560	4.834495429949509e-08
AT5G14200	4.834495429949509e-08
AT1G31180	4.834495429949509e-08
AT4G19710	1.2718199895094215e-06
AT1G31230	1.2718199895094215e-06
AT5G13280	3.88819538252018e-07
AT3G02020	3.88819538252018e-07
AT5G14060	3.88819538252018e-07
AT1G14810	9.72048845630045e-07
AT2G45440	2.2262098593160354e-08
AT3G60880	2.2262098593160354e-08
AT5G52100	1.4841399062106903e-08
AT3G59890	1.4841399062106903e-08
AT2G44040	1.4841399062106903e-08
AT4G33680	4.452419718632071e-08
AT2G13810	4.452419718632071e-08
AT3G53580	4.452419718632071e-08
AT3G14390	4.452419718632071e-08
AT5G11880	4.452419718632071e-08
AT2G17265	4.415002256287018e-07
AT3G01120	8.83451235274437e-09
AT1G33320	8.83451235274437e-09
AT3G57050	7.067609882195496e-08
AT2G44160	2.5452291779512926e-08
AT3G59970	2.5452291779512926e-08
AT5G20980	8.484097259837641e-09
AT5G17920	8.484097259837641e-09
AT3G03780	8.484097259837641e-09
AT4G13930	1.7127577224790762e-08
AT4G13890	1.7127577224790762e-08
AT1G22020	1.7127577224790762e-08
AT1G36370	1.7127577224790762e-08
AT1G02500	7.783267074024185e-09
AT2G36880	7.783267074024185e-09
AT3G17390	7.783267074024185e-09
AT4G01850	7.783267074024185e-09
AT3G23810	1.556653414804837e-08
AT4G13940	1.556653414804837e-08
AT3G29200	3.922386004775844e-08
AT5G10870	3.922386004775844e-08
AT1G69370	3.922386004775844e-08
AT1G08250	6.00770727333213e-09
AT3G07630	6.00770727333213e-09
AT1G11790	6.00770727333213e-09
AT2G27820	6.00770727333213e-09
AT3G44720	6.00770727333213e-09
AT5G22630	6.00770727333213e-09
AT4G08900	2.9614556971050446e-09
AT4G08870	2.9614556971050446e-09
AT5G46180	3.9486075961400594e-09
AT2G39800	3.7214000505249646e-08
AT3G55610	3.7214000505249646e-08
AT5G14800	2.1210781911252542e-06
AT3G30775	1.0414385193604847e-06
AT5G38710	1.0414385193604847e-06
AT3G19480	1.4181040002436628e-08
AT4G34200	1.4181040002436628e-08
AT1G17745	1.4181040002436628e-08
AT4G35630	4.2543120007309885e-08
AT2G17630	4.2543120007309885e-08
AT1G18640	4.2543120007309885e-08
AT4G29840	4.238312009232131e-07
AT1G72810	4.238312009232131e-07
AT1G24807	3.739291432779371e-09
AT3G55870	7.478582865558742e-09
AT1G24909	3.739291432779371e-09
AT1G25083	3.739291432779371e-09
AT1G25155	3.739291432779371e-09
AT1G25220	3.739291432779371e-09
AT5G57890	3.739291432779371e-09
AT5G05730	7.478582865558742e-09
AT2G29690	7.478582865558742e-09
AT5G17990	1.1217874298338114e-08
AT5G05590	3.739291432779371e-09
AT1G29410	3.739291432779371e-09
AT1G07780	3.739291432779371e-09
AT5G48220	5.608937149169057e-09
AT2G04400	5.608937149169057e-09
AT3G54640	3.365362289501434e-08
AT4G02610	1.1217874298338114e-08
AT4G27070	7.478582865558742e-09
AT5G54810	7.478582865558742e-09
AT5G28237	7.478582865558742e-09
AT1G15710	1.139477321582244e-08
AT5G34930	1.139477321582244e-08
AT1G50200	4.146607639113672e-08
AT5G22800	3.1755113801176604e-08
AT1G66530	2.64058738009086e-08
AT5G56680	7.209895062835317e-09
AT3G07420	7.209895062835317e-09
AT1G70980	7.209895062835317e-09
AT4G17300	7.95804907879293e-09
AT4G26870	1.3581180845975182e-08
AT4G31180	1.3581180845975182e-08
AT4G33760	9.993581223825907e-09
AT3G56300	4.394357541095502e-09
AT5G38830	4.394357541095502e-09
AT2G31170	2.598835984308792e-09
AT5G26710	3.2708206146656665e-08
AT5G64050	8.358566780144458e-08
AT1G25350	8.37361293102818e-09
AT5G19720	8.37361293102818e-09
AT3G25660	7.3737499110202015e-09
AT1G48520	7.3737499110202015e-09
AT4G32915	7.3737499110202015e-09
AT1G29880	2.534306914753664e-08
AT1G29870	2.534306914753664e-08
AT3G44740	2.534306914753664e-08
AT3G48110	4.294225323298781e-08
AT3G02760	4.929565211243614e-09
AT5G03406	8.034159200195922e-09
AT3G46100	3.1045939889523076e-09
AT4G10320	2.8845515136174747e-08
AT5G49030	1.4089009755977317e-08
AT1G09620	4.8568775661128546e-08
AT4G04350	2.3914923936485885e-08
AT3G11710	3.5284396046267356e-08
AT3G13490	9.13747261755786e-09
AT4G13780	1.2626904147637163e-08
AT3G55400	4.950781126109066e-09
AT4G39280	4.586339613058602e-08
AT1G72550	4.586339613058602e-08
AT3G58140	1.2849625773966642e-08
AT3G62120	1.3461010096090783e-08
AT5G10880	1.900893615169326e-08
AT5G52520	5.547926055602477e-09
AT5G27470	9.56267125180968e-08
AT1G11870	2.4903414238049254e-08
AT1G17960	1.4845452411735268e-08
AT1G18130	1.4845452411735268e-08
AT5G26830	4.758004770618187e-10
AT2G04842	1.391668332346196e-08
AT3G04600	6.533392982666661e-09
AT2G25840	4.387473010587816e-09
AT1G28350	7.554330208542195e-09
AT2G33840	7.554330208542195e-09
AT3G02660	7.574644235838603e-09
AT1G27160	3.828682758435814e-08
AT1G14610	6.980650767424752e-10
AT5G16715	1.527694681927042e-08
AT2G16570	2.9579726553670806e-09
AT4G34740	2.9579726553670806e-09
AT4G38880	2.9579726553670806e-09
AT1G09830	8.873917966101243e-09
AT1G31220	8.873917966101243e-09
AT1G74260	8.873917966101243e-09
AT3G55010	8.873917966101243e-09
AT2G37690	8.873917966101243e-09
AT3G21110	8.873917966101243e-09
AT4G18440	1.7056603483210923e-08
AT1G36280	1.7056603483210923e-08
AT2G35040	5.04785780006412e-08
AT2G38280	1.0302029296181385e-08
AT1G79470	1.0302029296181385e-08
AT1G16350	1.0302029296181385e-08
AT1G63660	5.1510146480906924e-09
AT3G57610	5.04785780006412e-08
AT3G20330	2.5134355538637624e-08
AT4G22930	8.378118512879207e-09
AT5G23300	8.378118512879207e-09
AT3G54470	1.6756237025758415e-08
AT3G12670	8.954715625412789e-10
AT4G02120	8.954715625412789e-10
AT4G20320	8.954715625412789e-10
AT2G34890	8.954715625412789e-10
AT1G30820	8.954715625412789e-10
AT2G37250	7.233715136723193e-07
AT5G50370	7.233715136723193e-07
AT5G63400	7.233715136723193e-07
AT2G41880	2.423912123797979e-09
AT3G57550	2.423912123797979e-09
AT5G26667	4.107550893661739e-09
AT3G60180	4.107550893661739e-09
AT4G25280	1.2098440817929357e-07
AT5G63310	6.473098512229007e-07
AT4G11010	3.884577227441157e-06
AT4G23900	3.884577227441157e-06
AT4G09320	2.252969590923497e-08
AT2G21790	1.4965512217415703e-09
AT3G23580	7.482756108707851e-10
AT3G27060	7.482756108707851e-10
AT3G46940	7.172221730196475e-10
AT5G59440	2.390740576732158e-10
AT2G44050	4.109450426567529e-09
AT1G58290	4.2084711535255194e-08
AT1G09940	4.2084711535255194e-08
AT2G31250	4.2084711535255194e-08
AT5G63570	6.31270673028828e-08
AT3G48730	6.31270673028828e-08
AT1G69740	1.262541346057656e-07
AT1G44318	1.262541346057656e-07
AT5G08280	7.89088341286035e-09
AT2G26540	7.89088341286035e-09
AT2G40490	7.890487008564588e-09
AT3G14930	7.890487008564588e-09
AT1G03475	7.890487008564588e-09
AT4G03205	7.890487008564588e-09
AT5G14220	3.945243504282294e-09
AT4G01690	3.945243504282294e-09
AT1G08520	7.782474265432664e-09
AT4G18480	7.782474265432664e-09
AT5G13630	7.782474265432664e-09
AT5G45930	7.782474265432664e-09
AT3G59400	7.782474265432664e-09
AT4G25080	7.782474265432664e-09
AT3G56940	7.782474265432664e-09
AT5G54190	2.5941580884775543e-09
AT4G27440	2.5941580884775543e-09
AT1G03630	2.5941580884775543e-09
AT5G18660	7.782474265432664e-09
AT1G44446	2.6054833679203425e-09
AT3G51820	7.782474265432664e-09
AT1G74470	2.334742279629799e-08
AT4G15560	8.053411906428803e-08
AT3G21500	8.053411906428803e-08
AT5G11380	8.053411906428803e-08
AT5G62790	1.2080117859643206e-07
AT2G02500	1.2080117859643206e-07
AT2G26930	1.2080117859643206e-07
AT1G63970	3.624035357892962e-07
AT5G60600	2.4160235719286413e-07
AT4G34350	2.4160235719286413e-07
AT4G36810	5.836855699074498e-09
AT4G38460	7.782474265432664e-09
AT3G14510	5.836855699074498e-09
AT2G18620	1.945618566358166e-09
AT3G14530	1.945618566358166e-09
AT3G14550	1.945618566358166e-09
AT3G20160	1.945618566358166e-09
AT3G29430	1.945618566358166e-09
AT3G32040	1.945618566358166e-09
AT5G47720	4.48356407673507e-08
AT5G48230	4.48356407673507e-08
AT4G11820	8.96712815347014e-08
AT1G76490	8.96712815347014e-08
AT5G27450	8.96712815347014e-08
AT1G31910	8.96712815347014e-08
AT2G38700	8.96712815347014e-08
AT3G54250	8.96712815347014e-08
AT1G80300	2.7974101091240804e-06
AT1G15500	2.7974101091240804e-06
AT4G01100	2.078861992787992e-06
AT3G08580	1.7206260664586726e-06
AT5G13490	1.7206260664586726e-06
AT4G28390	1.7206260664586726e-06
AT5G51050	2.078861992787992e-06
AT5G64970	2.078861992787992e-06
AT1G78180	3.5823592632931937e-07
AT3G55640	3.5823592632931937e-07
AT5G07320	3.5823592632931937e-07
AT4G32400	8.67337439251655e-09
AT2G47490	3.1169585879448134e-06
AT5G54800	4.1200729664203055e-06
AT1G61800	4.1200729664203055e-06
AT5G46110	3.98808063935398e-06
AT5G17630	1.8279527092302022e-06
AT5G14040	4.914970946405589e-06
AT3G48850	4.914970946405589e-06
AT2G17270	4.914970946405589e-06
AT3G05290	8.96712815347014e-08
AT5G27520	8.96712815347014e-08
AT2G01170	4.4282745478139314e-08
AT5G22830	7.990717260925716e-09
AT2G15290	3.197039985381673e-10
AT4G35080	3.197039985381673e-10
AT4G39460	7.783267074024185e-09
AT5G64560	4.34297484897777e-09
AT1G80900	4.34297484897777e-09
AT4G19690	7.599595561327613e-11
AT1G80830	7.599595561327613e-11
AT1G55910	7.599595561327613e-11
AT2G04032	7.599595561327613e-11
AT4G19680	7.599595561327613e-11
AT4G33020	7.599595561327613e-11
AT5G62160	7.599595561327613e-11
P29197	7.440090093816491e-07
P34893	3.7200450469082454e-07
Q9LDZ0	7.010042933886859e-08
Q8GUM2	5.314350067011779e-08
P59230	4.122536338093271e-07
Q8VZB9	4.122536338093271e-07
P59231	4.247461681671855e-07
Q8VYN3	0.0
Q42064	4.247461681671855e-07
P46286	4.122536338093271e-07
Q4PSL7	4.122536338093271e-07
P17094	6.246267178929198e-07
P22738	6.246267178929198e-07
P49691	6.246267178929198e-07
Q9SF40	6.246267178929198e-07
P42794	6.246267178929198e-07
P42795	6.246267178929198e-07
Q9SZX9	6.246267178929198e-07
P49209	6.246267178929198e-07
Q42112	4.122536338093271e-07
O04204	4.122536338093271e-07
P57691	4.247461681671855e-07
P50883	4.122536338093271e-07
Q9LFH5	4.122536338093271e-07
Q9FF52	4.247461681671855e-07
Q9LRX8	3.123133589464599e-07
Q9FKC0	3.123133589464599e-07
Q9SFU1	3.123133589464599e-07
Q9SVR0	3.123133589464599e-07
P49690	1.2492534357858397e-06
Q9LR33	4.122536338093271e-07
P49637	4.122536338093271e-07
Q9LPV3	4.247461681671855e-07
Q93VT9	4.122536338093271e-07
Q93W22	4.247461681671855e-07
Q08770	4.122536338093271e-07
Q8LBI1	6.246267178929198e-07
P49227	6.246267178929198e-07
P51413	6.246267178929198e-07
Q93VI3	6.246267178929198e-07
Q8LD46	6.246267178929198e-07
Q9M3C3	6.246267178929198e-07
P51414	6.246267178929198e-07
Q9FJX2	6.246267178929198e-07
Q9SF53	3.123133589464599e-07
Q9LZ41	3.123133589464599e-07
Q9M3D2	3.123133589464599e-07
O80626	3.123133589464599e-07
P60040	4.122536338093271e-07
Q9LHP1	4.247461681671855e-07
P60039	4.122536338093271e-07
Q9FZ76	4.122536338093271e-07
Q9C9C6	4.247461681671855e-07
Q9C9C5	4.122536338093271e-07
Q9LZH9	6.246267178929198e-07
P49692	6.246267178929198e-07
P41127	4.122536338093271e-07
Q9FF90	4.247461681671855e-07
Q9SMT4	4.122536338093271e-07
Q9SIM4	6.246267178929198e-07
Q9T043	6.246267178929198e-07
P42791	4.122536338093271e-07
O23515	6.246267178929198e-07
Q8VYF1	6.246267178929198e-07
Q940B0	4.247461681671855e-07
O22254	4.122536338093271e-07
P49693	4.247461681671855e-07
Q9SRX2	4.122536338093271e-07
Q9LUQ6	4.122536338093271e-07
Q9LUD4	4.247461681671855e-07
P51418	4.122536338093271e-07
Q8L7K0	4.122536338093271e-07
Q43291	6.246267178929198e-07
Q9FDZ9	6.246267178929198e-07
Q9M9W1	4.122536338093271e-07
Q9FE58	4.247461681671855e-07
Q9SRX7	4.122536338093271e-07
P38666	6.246267178929198e-07
Q42347	6.246267178929198e-07
P51419	4.247461681671855e-07
Q8LCL3	4.122536338093271e-07
Q9SKX8	4.122536338093271e-07
O82204	6.246267178929198e-07
Q9M0E2	6.246267178929198e-07
Q9M7X7	6.246267178929198e-07
Q84WM0	6.246267178929198e-07
Q9LSA3	4.247461681671855e-07
Q8VZ19	4.122536338093271e-07
Q9C8F7	4.122536338093271e-07
P51420	4.247461681671855e-07
Q9SLL7	0.0
Q9STR1	4.122536338093271e-07
P49211	6.246267178929198e-07
Q9FHG2	6.246267178929198e-07
Q9FZH0	3.123133589464599e-07
P51422	3.123133589464599e-07
Q9C912	3.123133589464599e-07
Q9LMK0	3.123133589464599e-07
Q42351	4.122536338093271e-07
Q9LJW6	4.247461681671855e-07
Q9FE65	4.122536338093271e-07
Q9M352	4.122536338093271e-07
Q9LZ57	4.247461681671855e-07
O80929	4.122536338093271e-07
Q8LEM8	4.247461681671855e-07
Q43292	4.122536338093271e-07
Q8LFH7	4.122536338093271e-07
O22860	1.2492534357858397e-06
P51424	6.246267178929198e-07
Q8L8W6	6.246267178929198e-07
Q42202	6.246267178929198e-07
B9DHA6	6.246267178929198e-07
P62120	1.2492534357858397e-06
O23290	1.2492534357858397e-06
Q8RXU5	6.246267178929198e-07
Q9SRK6	6.246267178929198e-07
Q8LCW9	3.123133589464599e-07
O23095	3.123133589464599e-07
Q8LEQ0	3.123133589464599e-07
Q9FLV1	3.123133589464599e-07
Q9SLF7	2.4985068715716795e-07
Q9LUK2	2.4985068715716795e-07
Q9LH85	2.4985068715716795e-07
Q9LXM8	2.4985068715716795e-07
P51407	2.4985068715716795e-07
Q9SVZ6	6.246267178929198e-07
Q9LVC9	6.246267178929198e-07
Q08682	6.246267178929198e-07
Q8H173	6.246267178929198e-07
Q9FJA6	4.247461681671855e-07
Q9M339	4.122536338093271e-07
Q9SIP7	4.122536338093271e-07
Q9LXG1	6.246267178929198e-07
Q9FLF0	6.246267178929198e-07
Q93VB8	3.123133589464599e-07
P49688	3.123133589464599e-07
Q9SCM3	3.123133589464599e-07
Q8L8Y0	3.123133589464599e-07
P51427	6.246267178929198e-07
Q9ZUT9	6.246267178929198e-07
P42798	4.247461681671855e-07
O80646	4.122536338093271e-07
Q9LX88	4.122536338093271e-07
Q42340	4.122536338093271e-07
Q9SK22	4.247461681671855e-07
Q9M8X9	4.122536338093271e-07
P49200	6.246267178929198e-07
Q9STY6	6.246267178929198e-07
Q9SIH0	4.247461681671855e-07
Q9CAX6	4.122536338093271e-07
P42036	4.122536338093271e-07
P49201	6.246267178929198e-07
Q9SF35	6.246267178929198e-07
P34788	1.2492534357858397e-06
Q680P8	1.2492534357858397e-06
P59224	6.246267178929198e-07
P59223	6.246267178929198e-07
P16181	4.247461681671855e-07
O65569	4.122536338093271e-07
P42733	4.122536338093271e-07
Q9FY64	1.9988054972573436e-07
Q08112	2.1237308408359276e-07
Q9FIX6	1.9988054972573436e-07
Q9FML6	2.1237308408359276e-07
Q9FY66	2.1237308408359276e-07
Q9FY65	2.1237308408359276e-07
Q9CAV0	6.246267178929198e-07
Q42262	6.246267178929198e-07
Q93VH9	4.247461681671855e-07
Q8VYK6	4.122536338093271e-07
P49204	4.122536338093271e-07
P51430	6.246267178929198e-07
O48549	6.246267178929198e-07
Q9M885	4.122536338093271e-07
Q8LD03	4.122536338093271e-07
Q9C514	4.247461681671855e-07
Q93VG5	6.246267178929198e-07
Q9FIF3	6.246267178929198e-07
Q9FFS8	4.122536338093271e-07
Q9SW09	4.247461681671855e-07
Q9LTF2	4.122536338093271e-07
Q9SKZ3	6.246267178929198e-07
Q9S9P1	6.246267178929198e-07
Q9SJ36	3.123133589464599e-07
Q9LZ17	3.123133589464599e-07
P49205	3.123133589464599e-07
Q9SQZ1	3.123133589464599e-07
Q9SGA6	4.247461681671855e-07
Q9FNP8	4.122536338093271e-07
Q9LF30	4.122536338093271e-07
Q9M337	6.246267178929198e-07
Q3E902	6.246267178929198e-07
Q8LC83	6.246267178929198e-07
Q9SS17	6.246267178929198e-07
Q9SIK2	3.123133589464599e-07
Q9T029	3.123133589464599e-07
Q8GYL5	3.123133589464599e-07
Q9SIW5	3.123133589464599e-07
Q8LPJ7	4.247461681671855e-07
Q9LYK9	4.122536338093271e-07
P49206	4.122536338093271e-07
Q9M2F1	3.123133589464599e-07
Q8L953	3.123133589464599e-07
O64650	3.123133589464599e-07
B3H5X2	3.123133589464599e-07
Q9SR73	6.246267178929198e-07
P34789	6.246267178929198e-07
P49689	1.2492534357858397e-06
P59232	4.122536338093271e-07
P59233	4.122536338093271e-07
P59271	4.247461681671855e-07
Q9LV28	4.122536338093271e-07
Q9C4Z6	4.122536338093271e-07
O24456	4.247461681671855e-07
rrna_18S	1.2492534357858397e-06
RRNA23S	1.7424341546678891e-06
RRNA4_DASH_5S	1.7424341546678891e-06
RRNA5S	1.7424341546678891e-06
F4I366	2.8695413220017637e-10
Q9SVY0	2.8695413220017637e-10
A8MRK9	3.1176290999108646e-10
Q9LU97	2.8695413220017637e-10
Q39216	2.8695413220017637e-10
Q9LVK6	2.8695413220017637e-10
O81098	3.3608835016072865e-10
Q9M1J2	3.3608835016072865e-10
Q9ZVB9	3.3608835016072865e-10
Q9SJ96	3.1176290999108646e-10
O81097	3.1176290999108646e-10
Q9M1H8	3.3608835016072865e-10
Q9SYA6	3.1176290999108646e-10
Q9C8M4	3.1176290999108646e-10
Q9FJL8	3.3608835016072865e-10
P82805	1.289969762362691e-07
Q9LHE5	1.289969762362691e-07
Q9FNC9	1.289969762362691e-07
Q9SD80	1.289969762362691e-07
Q9ASY8	1.289969762362691e-07
Q9XIA7	1.289969762362691e-07
P21240	2.58919877413076e-06
O65282	2.58919877413076e-06
Q9LJE4	2.58919877413076e-06
P21238	2.58919877413076e-06
Q9C667	2.58919877413076e-06
C0Z361	2.58919877413076e-06
O80504	2.58919877413076e-06
Q56XV8	2.58919877413076e-06
P22953	4.737179328703531e-08
A2RVP7	1.0468212568627543e-07
Q9XH48	3.3281766287593554e-07
Q9XGX9	3.3281766287593554e-07
Q9XGY4	3.3281766287593554e-07
Q9ZW33	3.3281766287593554e-07
Q39079	6.257095272369741e-09
Q9SRL6	6.257095272369741e-09
Q84JU6	7.388607157143116e-09
Q8LLD0	7.388607157143116e-09
Q9CAF4	7.388607157143116e-09
F4I1T7	7.388607157143116e-09
A4GSN8	7.388607157143116e-09
Q8RY25	7.388607157143116e-09
Q8RWH9	7.388607157143116e-09
Q9C811	7.388607157143116e-09
Q9FFK6	7.388607157143116e-09
Q8L7F7	7.388607157143116e-09
Q93VR9	7.388607157143116e-09
Q0WPZ7	7.388607157143116e-09
O64740	7.388607157143116e-09
Q9C829	7.388607157143116e-09
Q38942	7.388607157143116e-09
F4HXV6	7.388607157143116e-09
F4ID16	7.388607157143116e-09
F4KHD8	7.388607157143116e-09
Q9LW88	7.388607157143116e-09
Q8GYF7	7.388607157143116e-09
Q9FWS3	7.388607157143116e-09
Q8RXH2	7.388607157143116e-09
Q8L748	7.388607157143116e-09
F4IGA5	7.388607157143116e-09
F4KBW6	7.388607157143116e-09
O04326	7.388607157143116e-09
O22224	7.388607157143116e-09
Q8GWR1	7.388607157143116e-09
Q24JJ9	7.388607157143116e-09
F4J284	7.388607157143116e-09
F4JUG3	7.388607157143116e-09
Q8LAF4	7.388607157143116e-09
Q9SIF2	3.610711721576202e-07
Q9STW6	3.610711721576202e-07
Q9LTX9	3.610711721576202e-07
Q9SP35	1.2163905435502616e-07
Q8VYE2	1.2163905435502616e-07
Q1G3L1	1.2163905435502616e-07
Q38820	1.2163905435502616e-07
Q93VV9	1.69569286687508e-08
Q9FLP3	1.69569286687508e-08
Q1PF33	1.69569286687508e-08
Q8RV04	1.69569286687508e-08
F4JE34	1.69569286687508e-08
O22993	5.496191409475255e-07
A8MPR5	5.496191409475255e-07
Q9SAJ3	5.496191409475255e-07
F4J3N2	5.496191409475255e-07
F4KF14	5.496191409475255e-07
Q9SN86	5.496191409475255e-07
O81283	5.496191409475255e-07
Q38906	1.1689758745285732e-06
Q8LPR8	5.496191409475255e-07
Q9STE8	1.6488574228425768e-06
Q7Y1W1	5.496191409475255e-07
F4ISL7	5.496191409475255e-07
Q9ZQZ9	3.896586248428577e-07
P56786	5.496191409475255e-07
P56785	5.496191409475255e-07
Q9SZB2	5.496191409475255e-07
Q9FHA3	1.0815464125739201e-10
Q84WJ2	1.0815464125739201e-10
F4HTP2	1.0815464125739201e-10
F4JZZ1	1.0815464125739201e-10
Q9LVN7	1.0815464125739201e-10
O48520	1.0815464125739201e-10
Q9SYL7	1.0815464125739201e-10
Q1H568	1.0815464125739201e-10
F4HW04	1.0815464125739201e-10
F4IFN6	1.0815464125739201e-10
Q500V9	1.0815464125739201e-10
Q9ZQH2	1.0815464125739201e-10
P43299	1.0815464125739201e-10
Q9LPD9	1.0815464125739201e-10
Q0WVF5	1.0815464125739201e-10
O80786	1.0815464125739201e-10
Q9FL33	1.0815464125739201e-10
F4KAB8	1.0815464125739201e-10
Q9M7Q7	1.0815464125739201e-10
Q9ZW35	1.0815464125739201e-10
Q9C587	1.0815464125739201e-10
Q9CAQ8	1.0815464125739201e-10
Q8VXX4	1.0815464125739201e-10
Q9CAM7	1.0815464125739201e-10
Q93ZX1	1.0815464125739201e-10
Q9SEZ6	1.0815464125739201e-10
A8MRG8	1.0815464125739201e-10
F4IVV8	1.0815464125739201e-10
Q42572	1.0815464125739201e-10
A0A1P8ASY1	1.0815464125739201e-10
O65251	1.0815464125739201e-10
F4I1P7	1.0815464125739201e-10
Q9ZQ19	1.0815464125739201e-10
Q9LXK1	1.0815464125739201e-10
Q9SKI4	1.0815464125739201e-10
O23680	4.798815483140036e-07
Q8GZ79	1.5996051610466786e-07
P18616	2.4325440169642213e-11
P38420	2.4325440169642213e-11
Q39211	2.4325440169642213e-11
O48890	2.4325440169642213e-11
Q6NLH0	2.4325440169642213e-11
Q38859	2.4325440169642213e-11
P38421	2.4325440169642213e-11
Q8LFJ6	2.4325440169642213e-11
Q9FLM8	2.4325440169642213e-11
Q9FJ98	2.4325440169642213e-11
Q9M1A8	2.4325440169642213e-11
Q42191	3.614094157604386e-08
Q9SR19	1.2021477674197425e-08
Q9LKR8	1.2021477674197425e-08
Q94AU9	4.80859106967897e-08
Q8L9X2	4.80859106967897e-08
Q9SFC3	1.0468212568627537e-07
F4KD38	2.480877779091008e-11
F4JXF9	2.480877779091008e-11
Q9ZQC0	2.480877779091008e-11
F4JG25	2.480877779091008e-11
Q9C6C2	2.480877779091008e-11
Q9LSZ5	2.480877779091008e-11
Q8LPK6	2.480877779091008e-11
Q9M9Y6	2.480877779091008e-11
Q9FGZ3	2.480877779091008e-11
Q9FY77	2.480877779091008e-11
O50061	4.931807188820494e-07
O65686	2.465903594410247e-07
P16180	4.931807188820494e-07
P92959	4.931807188820494e-07
P93014	4.931807188820494e-07
Q39101	4.931807188820494e-07
Q8VYM4	4.931807188820494e-07
Q8W4I6	4.931807188820494e-07
Q9FYK5	5.414294815505387e-07
O23049	4.931807188820494e-07
O80439	4.931807188820494e-07
P25873	4.931807188820494e-07
P36210	2.465903594410247e-07
P42732	4.931807188820494e-07
P51412	4.931807188820494e-07
P62126	4.931807188820494e-07
Q8VY91	4.931807188820494e-07
Q93VC7	4.931807188820494e-07
Q9ASV6	4.931807188820494e-07
Q9FLN4	4.931807188820494e-07
Q9FWS4	4.931807188820494e-07
Q9LY66	4.931807188820494e-07
Q9SX22	4.931807188820494e-07
Q9SX68	4.931807188820494e-07
O04603	4.931807188820494e-07
O22795	4.931807188820494e-07
P25864	4.931807188820494e-07
P36212	2.465903594410247e-07
P56791	4.931807188820494e-07
P56792	4.931807188820494e-07
P56793	4.931807188820494e-07
P56794	4.931807188820494e-07
P56795	4.931807188820494e-07
P56798	4.931807188820494e-07
P56799	4.931807188820494e-07
P56801	4.931807188820494e-07
P56802	4.931807188820494e-07
P56804	4.931807188820494e-07
P56807	4.931807188820494e-07
P61841	4.931807188820494e-07
P61845	4.931807188820494e-07
Q8RXX5	2.465903594410247e-07
Q8VZ55	4.931807188820494e-07
Q8W463	2.465903594410247e-07
Q9FJP3	4.931807188820494e-07
Q9FKP0	4.931807188820494e-07
Q9FY50	4.931807188820494e-07
Q9LER7	4.931807188820494e-07
Q9LK61	4.931807188820494e-07
Q9M385	4.931807188820494e-07
Q9MAP3	4.931807188820494e-07
Q9SKX4	4.931807188820494e-07
Q9SYL9	4.931807188820494e-07
Q9XJ27	4.931807188820494e-07
P36211	0.0
P56796	4.931807188820494e-07
P56797	4.931807188820494e-07
P56805	4.931807188820494e-07
P56806	2.9483912210951406e-07
P56808	4.931807188820494e-07
P61847	4.931807188820494e-07
P62117	4.931807188820494e-07
Q94BY1	4.931807188820494e-07
Q9LFV0	0.0
Q9LP37	4.931807188820494e-07
RRNA16S	4.931807188820494e-07
Q94K05	3.8700196974807337e-08
Q84WV1	3.8700196974807337e-08
Q9SF16	3.8700196974807337e-08
O04450	3.8700196974807337e-08
Q940P8	3.8700196974807337e-08
Q9M888	3.8700196974807337e-08
P28769	3.8700196974807337e-08
Q9LV21	3.8700196974807337e-08
O22768	4.824876266848933e-08
O23160	4.824876266848933e-08
O81313	4.824876266848933e-08
Q8L6Z4	4.824876266848933e-08
Q8L9A0	4.824876266848933e-08
Q9ATB4	4.824876266848933e-08
Q9FEE2	4.824876266848933e-08
Q9FME4	4.824876266848933e-08
Q9LVA9	4.824876266848933e-08
O23090	4.824876266848933e-08
P39697	4.824876266848933e-08
Q8LEZ4	4.824876266848933e-08
Q8VZT8	4.824876266848933e-08
Q9FZ84	4.824876266848933e-08
Q9LTS6	4.824876266848933e-08
P0C896	4.824876266848933e-08
P42793	4.824876266848933e-08
P42797	4.824876266848933e-08
P59583	4.824876266848933e-08
P92532	4.824876266848933e-08
P93311	4.824876266848933e-08
Q31708	4.824876266848933e-08
Q8LDU5	4.824876266848933e-08
Q8LE47	4.824876266848933e-08
Q8LPF1	4.824876266848933e-08
Q8RXN4	4.824876266848933e-08
Q8VZU4	4.824876266848933e-08
Q93Z17	4.824876266848933e-08
Q95747	4.824876266848933e-08
Q95749	4.824876266848933e-08
Q9CA19	4.824876266848933e-08
Q9LK57	4.824876266848933e-08
Q9LRN8	4.824876266848933e-08
Q9M065	4.824876266848933e-08
Q9M0E0	2.4124381334244664e-08
Q9MAG8	4.824876266848933e-08
Q9ZUU3	4.824876266848933e-08
O22714	4.824876266848933e-08
O82205	2.4124381334244664e-08
P0C897	4.824876266848933e-08
P92557	4.824876266848933e-08
Q9GCB9	4.824876266848933e-08
Q9LG23	4.824876266848933e-08
Q9SAB4	4.824876266848933e-08
Q9SJU8	4.824876266848933e-08
Q9ZU67	4.824876266848933e-08
Q940Z1	4.824876266848933e-08
Q6GKU7	4.824876266848933e-08
Q9LSA1	4.824876266848933e-08
Q9SMX4	4.824876266848933e-08
Q9LMQ3	2.4124381334244664e-08
Q9M8M9	2.4124381334244664e-08
Q9XIA6	4.824876266848933e-08
Q9LML3	4.824876266848933e-08
F4JCI2	4.824876266848933e-08
Q8GW63	4.824876266848933e-08
F4HPB7	4.824876266848933e-08
Q8W4K2	4.824876266848933e-08
Q8GXH5	4.824876266848933e-08
Q9FHC3	4.824876266848933e-08
Q9LJQ6	2.4124381334244664e-08
A0A1P8B5A6	2.4124381334244664e-08
O65448	4.824876266848933e-08
Q1JPP0	2.4124381334244664e-08
F4IXL3	2.4124381334244664e-08
Q9C8L9	4.824876266848933e-08
A0A178WQQ6	4.824876266848933e-08
Q1G3Z3	4.824876266848933e-08
Q6IDB8	4.824876266848933e-08
Q945P2	4.824876266848933e-08
Q8RWT4	4.824876266848933e-08
Q8VY61	4.824876266848933e-08
Q9ZPX2	4.824876266848933e-08
Q9LVU5	4.824876266848933e-08
Q9LHH1	4.824876266848933e-08
Q9SVW7	4.824876266848933e-08
Q9M7T1	1.592209168060148e-08
O04527	1.592209168060148e-08
Q9SZF8	1.6404579307286373e-08
Q7XA68	4.824876266848933e-08
Q9FLF3	4.824876266848933e-08
Q8LD39	2.4124381334244664e-08
Q1ECK2	2.4124381334244664e-08
Q8LDK5	4.824876266848933e-08
O48691	4.824876266848933e-08
Q8LCN1	4.824876266848933e-08
Q56W16	2.4124381334244664e-08
Q8LDU0	2.4124381334244664e-08
Q9SMR5	4.824876266848933e-08
Q9LT09	4.824876266848933e-08
F4JPA3	2.4124381334244664e-08
Q9FKZ4	2.4124381334244664e-08
Q9ZVX0	4.824876266848933e-08
Q9SV23	4.824876266848933e-08
Q94JQ7	4.824876266848933e-08
Q8L908	4.824876266848933e-08
Q1G3G5	2.4124381334244664e-08
Q94F28	2.4124381334244664e-08
Q9SQT5	4.824876266848933e-08
Q8W464	4.824876266848933e-08
Q9M0V5	4.824876266848933e-08
Q9LUJ9	2.4124381334244664e-08
Q8GXS6	2.4124381334244664e-08
F4J9E4	4.824876266848933e-08
Q8L7U3	4.824876266848933e-08
Q940G3	4.824876266848933e-08
Q9S799	4.824876266848933e-08
Q9SD44	4.824876266848933e-08
Q9C9B5	4.824876266848933e-08
RRN26S	4.824876266848933e-08
RRN5S	4.824876266848933e-08
RRN18S	4.824876266848933e-08