ATCG00020	2.7726046427039956e-05
ATCG00680	2.7726046427039956e-05
ATCG00280	2.7726046427039956e-05
ATCG00270	2.7726046427039956e-05
ATCG00580	2.7726046427039956e-05
ATCG00570	2.7726046427039956e-05
ATCG00710	2.7726046427039956e-05
ATCG00080	2.7726046427039956e-05
ATCG00550	2.7726046427039956e-05
ATCG00070	2.7726046427039956e-05
ATCG00560	2.7726046427039956e-05
ATCG00220	2.7726046427039956e-05
ATCG00700	2.7726046427039956e-05
AT3G50820	1.3863023213519978e-05
AT1G06680	1.3863023213519978e-05
AT4G21280	1.3863023213519978e-05
AT1G79040	2.7726046427039956e-05
AT1G44575	2.7726046427039956e-05
ATCG00690	2.7726046427039956e-05
AT3G21055	1.3863023213519978e-05
AT2G30570	2.7726046427039956e-05
AT2G06520	2.7726046427039956e-05
AT1G67740	2.7726046427039956e-05
ATCG00300	2.7726046427039956e-05
AT5G66570	1.3863023213519978e-05
AT2G30790	1.3863023213519978e-05
AT4G05180	1.3863023213519978e-05
AT1G51400	1.3863023213519978e-05
M_cholphya_h	0.014896424091192038
M_chlb_h	0.007497093577997042
ATCG00540	7.599824330238571e-05
ATCG00720	7.599824330238571e-05
AT4G03280	7.599824330238571e-05
ATCG00730	7.599824330238571e-05
ATCG00600	7.599824330238571e-05
ATCG00590	7.599824330238571e-05
AT2G26500	3.7999121651192856e-05
ATCG00210	7.599824330238571e-05
AT1G20340	1.8999560825596428e-05
AT1G76100	3.7999121651192856e-05
ATCG00350	7.599824330238571e-05
ATCG00340	7.599824330238571e-05
ATCG01060	7.599824330238571e-05
AT4G02770	3.7999121651192856e-05
AT4G28750	3.7999121651192856e-05
AT1G31330	7.599824330238571e-05
AT1G55670	7.599824330238571e-05
AT3G16140	3.7999121651192856e-05
ATCG00510	7.599824330238571e-05
ATCG00630	7.599824330238571e-05
AT1G30380	7.599824330238571e-05
AT4G12800	7.599824330238571e-05
AT5G64040	7.599824330238571e-05
AT1G08380	7.599824330238571e-05
AT2G46820	7.599824330238571e-05
AT1G60950	7.599824330238571e-05
AT1G03130	3.7999121651192856e-05
AT2G20260	3.7999121651192856e-05
AT1G52230	3.7999121651192856e-05
AT5G66190	1.0634766303809628e-05
AT1G20020	3.1904298911428885e-05
AT1G30510	1.0634766303809628e-05
AT4G05390	1.0634766303809628e-05
ATCG00120	4.885601355153367e-05
ATCG00480	4.885601355153367e-05
AT1G15700	8.142668925255611e-06
AT4G09650	1.6285337850511223e-05
ATCG00470	1.6285337850511223e-05
ATCG00150	1.6285337850511223e-05
ATCG00140	0.00016285337850511223
ATCG00130	2.171378380068163e-05
AT4G32260	5.428445950170407e-06
AT4G04640	8.142668925255611e-06
average_protein	5.524551882195534e-05
ATCG00490	0.0005991986776645642
AT5G38430	0.00014979966941614106
AT5G38420	0.00014979966941614106
AT1G67090	0.00014979966941614106
AT5G38410	0.00014979966941614106
AT3G12780	1.910183809915012e-05
AT1G56190	1.547829652225876e-05
AT3G26650	6.0528091139248086e-05
AT1G12900	6.0528091139248086e-05
AT1G42970	3.0264045569624043e-05
AT3G55440	9.524332218583337e-06
AT2G21170	9.524332218583337e-06
AT3G60750	9.032321807880918e-06
AT2G45290	9.032321807880918e-06
AT2G01140	6.339660861103229e-06
AT4G26530	6.351533602646024e-06
AT3G52930	6.351533602646024e-06
AT4G38970	6.339660861103229e-06
AT5G03690	6.351533602646024e-06
AT2G21330	6.339660861103229e-06
AT3G55800	1.9018982583309686e-05
AT5G61410	7.219148604171463e-05
AT3G04790	4.444610857557903e-06
AT5G44520	4.444610857557903e-06
AT1G32060	2.693695624223026e-05
AT4G24620	9.543389675478456e-07
AT1G23190	1.5898961011484606e-07
AT1G70730	1.5898961011484606e-07
AT5G51820	1.5898961011484606e-07
AT5G19220	1.0659241482063576e-07
AT5G48300	2.1318482964127152e-07
AT1G27680	1.0659241482063576e-07
AT4G39210	1.0659241482063576e-07
AT2G21590	1.0659241482063576e-07
AT1G05610	2.1318482964127152e-07
AT5G24300	5.329620741031788e-08
AT3G01180	5.329620741031788e-08
AT1G11720	5.329620741031788e-08
AT4G18240	5.329620741031788e-08
AT1G69830	3.664465574991136e-09
AT5G18670	6.107442624985227e-10
AT3G23920	6.107442624985227e-10
AT4G00490	6.107442624985227e-10
AT4G17090	6.107442624985227e-10
AT4G15210	6.107442624985227e-10
AT2G32290	6.107442624985227e-10
AT5G64860	3.211003977154929e-09
AT2G40840	3.211003977154929e-09
AT4G26520	1.1872741542795986e-08
AT2G36460	1.1872741542795986e-08
AT1G43670	2.9681853856989962e-08
AT5G64380	2.9681853856989962e-08
AT1G64190	4.169448392444234e-07
AT5G41670	4.169448392444234e-07
AT1G63290	4.193026333295468e-09
AT3G01850	4.193026333295468e-09
AT1G71100	4.193026333295468e-09
AT2G01290	4.193026333295468e-09
AT5G17310	1.3189200035163334e-07
AT3G03250	1.3189200035163334e-07
AT5G20280	7.420463464247487e-09
AT1G04920	7.420463464247487e-09
AT4G10120	7.420463464247487e-09
AT5G11110	7.420463464247487e-09
AT2G35840	7.420463464247487e-09
AT3G52340	7.420463464247487e-09
AT1G51420	7.420463464247487e-09
AT3G54270	7.420463464247487e-09
AT5G20830	4.182561932417451e-09
AT5G49190	4.182561932417451e-09
AT3G43190	4.182561932417451e-09
AT4G02280	4.182561932417451e-09
AT1G60140	1.8241220853144073e-11
AT2G18700	1.8241220853144073e-11
AT1G78580	1.8241220853144073e-11
AT1G16980	1.8241220853144073e-11
AT1G17000	1.8241220853144073e-11
AT1G06410	1.8241220853144073e-11
AT1G23870	1.8241220853144073e-11
AT1G68020	1.8241220853144073e-11
AT1G70290	1.8241220853144073e-11
AT4G17770	1.8241220853144073e-11
AT4G27550	1.8241220853144073e-11
AT1G22210	2.006534293845848e-11
AT1G35910	2.006534293845848e-11
AT2G22190	2.006534293845848e-11
AT4G12430	2.006534293845848e-11
AT4G22590	2.006534293845848e-11
AT4G39770	2.006534293845848e-11
AT5G65140	2.006534293845848e-11
AT1G78090	2.006534293845848e-11
AT5G10100	2.006534293845848e-11
AT5G51460	2.006534293845848e-11
AT4G32410	2.5292498227780463e-08
AT4G39350	5.0584996455560926e-08
AT5G05170	5.0584996455560926e-08
AT5G44030	2.5292498227780463e-08
AT5G09870	2.5292498227780463e-08
AT5G64740	2.5292498227780463e-08
AT5G17420	2.5292498227780463e-08
AT4G18780	2.5292498227780463e-08
AT2G21770	2.5292498227780463e-08
AT2G25540	2.5292498227780463e-08
AT5G43330	2.0455555191336724e-06
AT5G56720	2.0455555191336724e-06
AT2G22780	4.156032456977719e-06
AT5G09660	4.156032456977719e-06
AT1G53310	7.934780890574236e-07
AT2G42600	7.934780890574236e-07
AT3G14940	7.934780890574236e-07
AT1G68750	7.934780890574236e-07
AT2G29560	1.4289262030597985e-06
AT2G36530	1.4289262030597985e-06
AT5G04120	3.572315507649496e-07
AT3G50520	3.572315507649496e-07
AT1G09780	3.572315507649496e-07
AT3G08590	3.572315507649496e-07
AT1G79550	3.6235415768913613e-06
AT3G04120	1.4494166307565445e-05
AT1G13440	1.4494166307565445e-05
AT1G79530	1.3850949497869509e-06
AT1G16300	1.3850949497869509e-06
AT3G04050	5.283485258390825e-07
AT5G08570	5.283485258390825e-07
AT3G25960	5.283485258390825e-07
AT2G36580	5.283485258390825e-07
AT3G55650	5.283485258390825e-07
AT3G55810	5.283485258390825e-07
AT5G63680	5.283485258390825e-07
AT3G52990	5.283485258390825e-07
AT4G26390	5.283485258390825e-07
AT5G56350	5.283485258390825e-07
AT4G35260	3.688172239141988e-08
AT5G03290	5.5322583587129816e-08
AT2G17130	3.688172239141988e-08
AT4G35650	3.688172239141988e-08
AT3G09810	5.5322583587129816e-08
AT2G18450	1.1678475478969555e-08
AT5G65165	7.785650319313037e-09
AT4G32210	1.1678475478969555e-08
AT2G46505	2.335695095793911e-08
AT1G47420	2.335695095793911e-08
AT1G08480	2.335695095793911e-08
AT5G62575	1.1678475478969555e-08
AT2G46390	2.335695095793911e-08
AT5G66760	1.1678475478969555e-08
AT5G40650	7.785650319313037e-09
AT3G27380	7.785650319313037e-09
AT5G09600	1.1678475478969555e-08
AT3G47833	1.1678475478969555e-08
AT1G53240	1.3742432836609539e-06
AT3G47520	1.3742432836609539e-06
AT3G15020	1.1427368026819805e-06
ATMG01275	5.870877689892446e-06
ATMG00285	5.870877689892446e-06
ATMG00990	5.870877689892446e-06
ATMG00580	5.870877689892446e-06
ATMG00650	5.870877689892446e-06
ATMG00513	5.870877689892446e-06
ATMG00270	5.870877689892446e-06
ATMG00510	5.870877689892446e-06
ATMG00070	5.870877689892446e-06
AT5G37510	5.870877689892446e-06
AT5G11770	5.870877689892446e-06
AT1G16700	2.935438844946223e-06
AT5G08530	5.870877689892446e-06
AT4G02580	5.870877689892446e-06
AT1G79010	2.935438844946223e-06
AT3G16480	2.951306379536587e-06
AT3G02090	5.902612759073174e-06
ATMG00220	1.9675375863577244e-06
AT5G40810	2.951306379536587e-06
AT5G13430	2.951306379536587e-06
AT1G15120	2.951306379536587e-06
AT5G25450	2.951306379536587e-06
AT5G05370	2.951306379536587e-06
AT3G52730	5.902612759073174e-06
AT1G51980	2.951306379536587e-06
AT2G07727	1.9675375863577244e-06
AT3G27240	2.951306379536587e-06
AT5G13440	2.951306379536587e-06
AT2G01090	2.951306379536587e-06
AT4G32470	2.951306379536587e-06
AT3G10860	2.951306379536587e-06
ATMG01360	2.951306379536587e-06
ATMG00160	2.951306379536587e-06
ATMG00730	2.951306379536587e-06
AT1G80230	1.4756531897682934e-06
AT5G61310	9.837687931788622e-07
AT4G37380	2.951306379536587e-06
AT4G28060	9.837687931788622e-07
AT3G15640	1.4756531897682934e-06
AT3G62400	9.837687931788622e-07
AT2G47380	9.837687931788622e-07
AT5G57815	9.837687931788622e-07
AT1G22450	9.837687931788622e-07
ATMG01190	4.417439048550661e-05
AT5G08680	1.4724796828502203e-05
AT2G33040	1.4724796828502203e-05
AT5G47030	7.362398414251102e-06
AT1G51650	1.4724796828502203e-05
ATMG01170	7.362398414251102e-06
ATMG00480	1.4724796828502203e-05
AT2G07671	5.889918731400881e-05
AT3G52300	1.4724796828502203e-05
AT5G08690	1.4724796828502203e-05
AT5G08670	1.4724796828502203e-05
AT5G13450	7.362398414251102e-06
ATMG00410	7.362398414251102e-06
ATMG00640	1.4724796828502203e-05
ATMG01080	5.889918731400881e-05
AT5G36700	1.2116491288955975e-06
AT5G36790	1.2116491288955975e-06
AT5G47760	1.2116491288955975e-06
AT3G14420	4.805258733719647e-06
AT3G14415	4.805258733719647e-06
AT3G14150	1.6430906931026252e-06
AT4G18360	1.6430906931026252e-06
AT3G14130	1.6430906931026252e-06
AT1G20620	2.439079396665648e-06
AT1G20630	2.439079396665648e-06
AT4G35090	2.439079396665648e-06
AT1G23310	1.7684454486237303e-06
AT1G70580	1.7684454486237303e-06
AT4G33010	1.963248351772674e-06
AT2G26080	1.963248351772674e-06
AT1G11860	1.963248351772674e-06
AT1G48030	1.963248351772674e-06
AT3G17240	1.963248351772674e-06
AT4G37930	3.943624323501655e-06
AT5G26780	3.943624323501655e-06
AT2G13360	3.7579409137301455e-06
AT1G68010	1.8789704568650727e-06
AT1G80380	1.8789704568650727e-06
AT5G13420	2.51421158662418e-06
AT1G12230	2.51421158662418e-06
AT1G22410	2.3395190355985395e-08
AT4G39980	2.3395190355985395e-08
AT4G33510	2.3395190355985395e-08
AT5G66120	1.4037114213591238e-07
AT3G06350	1.4037114213591238e-07
AT2G21940	7.005377148613581e-08
AT4G39540	3.5026885743067905e-08
AT2G45300	3.5026885743067905e-08
AT1G48860	3.5026885743067905e-08
AT1G48850	2.8021508594454324e-07
AT2G35390	9.1143152121446e-09
AT1G32380	9.1143152121446e-09
AT1G10700	9.1143152121446e-09
AT2G44530	9.1143152121446e-09
AT2G42910	8.378118222789385e-09
AT4G15530	3.3026501725976925e-06
AT1G04410	2.315064809789734e-07
AT3G58750	1.1828404004361121e-07
AT2G42790	1.1828404004361121e-07
AT4G35830	1.5771205339148162e-07
AT2G05710	1.5771205339148162e-07
AT4G26970	1.5771205339148162e-07
AT5G14590	1.0256596195502368e-07
AT3G21720	9.342780383175644e-08
AT5G03860	2.335695095793911e-08
AT5G36880	3.6385318701818324e-07
AT5G16390	1.3553391952363272e-07
AT5G35360	2.7106783904726544e-07
AT2G38040	5.421356780945309e-07
ATCG00500	5.421356780945309e-07
AT5G15530	1.3553391952363272e-07
AT2G30200	2.7106783904726544e-07
AT5G09650	1.923741511155579e-06
AT2G46860	1.777152789183589e-07
AT1G01050	1.777152789183589e-07
AT3G53620	1.777152789183589e-07
AT2G18230	1.777152789183589e-07
AT4G01480	1.777152789183589e-07
AT5G14780	6.802119320196791e-08
AT1G50480	6.82266681732779e-08
AT2G21550	3.187654102309544e-10
AT2G16370	3.187654102309544e-10
AT4G34570	3.187654102309544e-10
AT4G35460	4.9885040724719e-10
AT3G51030	6.802505553370774e-11
AT2G17420	4.9885040724719e-10
AT2G41680	4.9885040724719e-10
AT1G11530	6.802505553370774e-11
AT1G19730	6.802505553370774e-11
AT1G45145	6.802505553370774e-11
AT1G59730	6.802505553370774e-11
AT1G69880	6.802505553370774e-11
AT2G40790	6.802505553370774e-11
AT3G53220	6.802505553370774e-11
AT3G56420	6.802505553370774e-11
AT5G39950	6.802505553370774e-11
AT5G42980	6.802505553370774e-11
AT3G09820	3.891674044377429e-09
AT5G03300	3.891674044377429e-09
AT1G77760	1.1406139875745661e-06
AT1G37130	1.1406139875745661e-06
AT2G15620	1.1406139875745661e-06
AT1G08065	9.918476113217795e-08
AT5G04180	9.918476113217795e-08
AT4G20990	1.3478804886142842e-07
AT4G21000	9.918476113217795e-08
AT2G28210	9.918476113217795e-08
AT3G52720	1.3478804886142842e-07
AT1G23730	1.3478804886142842e-07
AT5G14740	1.3478804886142842e-07
AT1G08080	3.5603287729250475e-08
AT1G70410	3.5603287729250475e-08
AT1G58180	3.5603287729250475e-08
AT3G01500	2.1361972637550288e-07
AT4G33580	3.5603287729250475e-08
AT1G17290	5.58710576583142e-08
AT1G72330	4.340253885630404e-08
AT3G57560	4.1535012180714755e-08
AT2G19940	1.6614004872285902e-07
AT1G80600	4.1535012180714755e-08
AT2G37500	4.1535012180714755e-08
AT3G27740	4.936175051598886e-08
AT1G29900	4.936175051598886e-08
AT1G75330	4.0983632293199475e-08
AT4G24830	1.639345291727979e-07
AT5G10920	4.0983632293199475e-08
AT5G50950	3.003878655193537e-07
AT5G65010	1.0242714355215885e-08
AT5G10240	1.0242714355215885e-08
AT3G47340	1.0242714355215885e-08
AT5G51690	2.9073822899890208e-08
AT1G62960	2.9073822899890208e-08
AT1G62800	2.9073822899890208e-08
AT5G19550	2.9073822899890208e-08
AT2G22250	6.964379371996414e-07
AT4G31990	5.787662024474335e-07
AT5G11520	7.269857911173013e-10
AT2G30970	7.269857911173013e-10
AT1G55920	7.171096642310988e-08
AT2G17640	1.090740825334783e-08
AT3G13110	7.171096642310988e-08
AT4G35640	1.090740825334783e-08
AT5G56760	1.090740825334783e-08
AT4G14880	1.3769729112742952e-08
AT3G22460	3.635802751115944e-09
AT1G55880	3.635802751115944e-09
AT3G04940	3.635802751115944e-09
AT5G28030	3.635802751115944e-09
AT3G61440	1.0133926361627008e-08
AT3G03630	1.0133926361627008e-08
AT2G43750	1.0133926361627008e-08
AT1G51720	3.868280952356353e-07
AT5G04140	1.276089521640178e-06
AT2G41220	1.276089521640178e-06
AT5G18170	3.418865398500789e-08
AT5G07440	3.418865398500789e-08
AT3G03910	3.418865398500789e-08
AT5G17330	3.920623991224501e-11
AT1G65960	3.920623991224501e-11
AT2G02000	3.920623991224501e-11
AT2G02010	3.920623991224501e-11
AT3G17760	3.920623991224501e-11
AT3G17820	7.075899926192405e-06
AT1G48470	7.075899926192405e-06
AT5G35630	7.543134983822891e-06
AT1G08630	1.6724791370856968e-07
AT3G04520	1.6724791370856968e-07
AT3G66658	2.675966619337115e-07
AT3G24503	2.675966619337115e-07
AT4G36250	2.675966619337115e-07
AT1G44170	2.675966619337115e-07
AT1G54100	2.675966619337115e-07
AT1G58080	8.1826896952271e-09
AT1G09795	8.1826896952271e-09
AT1G31860	3.27307587809084e-08
AT2G36230	1.63653793904542e-08
AT4G26900	1.63653793904542e-08
AT3G22425	8.1826896952271e-09
AT4G14910	8.1826896952271e-09
AT5G10330	1.63653793904542e-08
AT1G71920	1.63653793904542e-08
AT4G39120	1.63653793904542e-08
AT5G63890	3.27307587809084e-08
AT3G10050	1.7192176179610012e-07
AT3G48560	5.524479650968915e-07
AT3G58610	6.79290032863822e-07
AT3G23940	1.698225082159555e-07
AT3G49680	4.245562705398888e-08
AT1G10070	4.245562705398888e-08
AT5G65780	4.245562705398888e-08
AT1G50090	4.245562705398888e-08
AT1G18500	7.251749524766379e-08
AT1G74040	1.4503499049532757e-07
AT2G43090	4.834499683177586e-08
AT4G13430	1.4503499049532757e-07
AT2G43100	4.834499683177586e-08
AT3G58990	4.834499683177586e-08
AT1G80560	4.834499683177586e-08
AT5G14200	4.834499683177586e-08
AT1G31180	4.834499683177586e-08
AT4G19710	1.2718202977546696e-06
AT1G31230	1.2718202977546696e-06
AT5G13280	3.888195459551776e-07
AT3G02020	3.888195459551776e-07
AT5G14060	3.888195459551776e-07
AT1G14810	9.72048864887944e-07
AT2G45440	2.226202827211299e-08
AT3G60880	2.226202827211299e-08
AT5G52100	1.484135218140866e-08
AT3G59890	1.484135218140866e-08
AT2G44040	1.484135218140866e-08
AT4G33680	4.452405654422598e-08
AT2G13810	4.452405654422598e-08
AT3G53580	4.452405654422598e-08
AT3G14390	4.452405654422598e-08
AT5G11880	4.452405654422598e-08
AT2G17265	4.4150037589974604e-07
AT3G01120	8.834503894016405e-09
AT1G33320	8.834503894016405e-09
AT3G57050	7.067603115213124e-08
AT2G44160	2.545235587678767e-08
AT3G59970	2.545235587678767e-08
AT5G20980	8.48411862559589e-09
AT5G17920	8.48411862559589e-09
AT3G03780	8.48411862559589e-09
AT4G13930	1.7127619956307256e-08
AT4G13890	1.7127619956307256e-08
AT1G22020	1.7127619956307256e-08
AT1G36370	1.7127619956307256e-08
AT1G02500	7.783348088754858e-09
AT2G36880	7.783348088754858e-09
AT3G17390	7.783348088754858e-09
AT4G01850	7.783348088754858e-09
AT3G23810	1.5566696177509716e-08
AT4G13940	1.5566696177509716e-08
AT3G29200	3.9223911584069315e-08
AT5G10870	3.9223911584069315e-08
AT1G69370	3.9223911584069315e-08
AT1G08250	6.0077122588111966e-09
AT3G07630	6.0077122588111966e-09
AT1G11790	6.0077122588111966e-09
AT2G27820	6.0077122588111966e-09
AT3G44720	6.0077122588111966e-09
AT5G22630	6.0077122588111966e-09
AT4G08900	2.9614556971050446e-09
AT4G08870	2.9614556971050446e-09
AT5G46180	3.9486075961400594e-09
AT2G39800	3.7214075974192636e-08
AT3G55610	3.7214075974192636e-08
AT5G14800	2.1210801947957687e-06
AT3G30775	1.0414394834612705e-06
AT5G38710	1.0414394834612705e-06
AT3G19480	1.4181072871314058e-08
AT4G34200	1.4181072871314058e-08
AT1G17745	1.4181072871314058e-08
AT4G35630	4.2543218613942175e-08
AT2G17630	4.2543218613942175e-08
AT1G18640	4.2543218613942175e-08
AT4G29840	4.238313681117132e-07
AT1G72810	4.238313681117132e-07
AT1G24807	3.739301370010611e-09
AT3G55870	7.478602740021223e-09
AT1G24909	3.739301370010611e-09
AT1G25083	3.739301370010611e-09
AT1G25155	3.739301370010611e-09
AT1G25220	3.739301370010611e-09
AT5G57890	3.739301370010611e-09
AT5G05730	7.478602740021223e-09
AT2G29690	7.478602740021223e-09
AT5G17990	1.1217904110031834e-08
AT5G05590	3.739301370010611e-09
AT1G29410	3.739301370010611e-09
AT1G07780	3.739301370010611e-09
AT5G48220	5.608952055015917e-09
AT2G04400	5.608952055015917e-09
AT3G54640	3.36537123300955e-08
AT4G02610	1.1217904110031834e-08
AT4G27070	7.478602740021223e-09
AT5G54810	7.478602740021223e-09
AT5G28237	7.478602740021223e-09
AT1G15710	1.1394796911618395e-08
AT5G34930	1.1394796911618395e-08
AT1G50200	4.1465888475281535e-08
AT5G22800	3.1755457064271575e-08
AT1G66530	2.6405755246193818e-08
AT5G56680	7.209864136269671e-09
AT3G07420	7.209864136269671e-09
AT1G70980	7.209864136269671e-09
AT4G17300	7.95813882323195e-09
AT4G26870	1.3581083085299273e-08
AT4G31180	1.3581083085299273e-08
AT4G33760	9.993671191952556e-09
AT3G56300	4.394336059647332e-09
AT5G38830	4.394336059647332e-09
AT2G31170	2.5988449352212053e-09
AT5G26710	3.270803516198618e-08
AT5G64050	8.358654040569111e-08
AT1G25350	8.37358443444248e-09
AT5G19720	8.37358443444248e-09
AT3G25660	7.373843657191712e-09
AT1G48520	7.373843657191712e-09
AT4G32915	7.373843657191712e-09
AT1G29880	2.534298983592491e-08
AT1G29870	2.534298983592491e-08
AT3G44740	2.534298983592491e-08
AT3G48110	4.2942676635930935e-08
AT3G02760	4.929542790708265e-09
AT5G03406	8.03415402684326e-09
AT3G46100	3.1046112361349947e-09
AT4G10320	2.8845377351809376e-08
AT5G49030	1.4089198761141305e-08
AT1G09620	4.8568534948960604e-08
AT4G04350	2.391522844707497e-08
AT3G11710	3.528416886507273e-08
AT3G13490	9.137559156657752e-09
AT4G13780	1.2626817077291759e-08
AT3G55400	4.95085127899854e-09
AT4G39280	4.586313675829615e-08
AT1G72550	4.586313675829615e-08
AT3G58140	1.2849785372985979e-08
AT3G62120	1.346099412041418e-08
AT5G10880	1.900897388616476e-08
AT5G52520	5.54797976575058e-09
AT5G27470	9.56262472276471e-08
AT1G11870	2.4903743385327656e-08
AT1G17960	1.4845399737046199e-08
AT1G18130	1.4845399737046199e-08
AT5G26830	4.758304393751355e-10
AT2G04842	1.391678686369148e-08
AT3G04600	6.533381859968614e-09
AT2G25840	4.387502613468397e-09
AT1G28350	7.554313844211972e-09
AT2G33840	7.554313844211972e-09
AT3G02660	7.574724356090972e-09
AT1G27160	3.8286556227427646e-08
AT1G14610	6.981090329570752e-10
AT5G16715	1.5277076211531182e-08
AT2G16570	2.957992449364124e-09
AT4G34740	2.957992449364124e-09
AT4G38880	2.957992449364124e-09
AT1G09830	8.873977348092372e-09
AT1G31220	8.873977348092372e-09
AT1G74260	8.873977348092372e-09
AT3G55010	8.873977348092372e-09
AT2G37690	8.873977348092372e-09
AT3G21110	8.873977348092372e-09
AT4G18440	1.705666704331947e-08
AT1G36280	1.705666704331947e-08
AT2G35040	5.047871347709314e-08
AT2G38280	1.030202987365228e-08
AT1G79470	1.030202987365228e-08
AT1G16350	1.030202987365228e-08
AT1G63660	5.15101493682614e-09
AT3G57610	5.047871347709314e-08
AT3G20330	2.5134354668368154e-08
AT4G22930	8.378118222789385e-09
AT5G23300	8.378118222789385e-09
AT3G54470	1.675623644557877e-08
AT3G12670	8.95471547451718e-10
AT4G02120	8.95471547451718e-10
AT4G20320	8.95471547451718e-10
AT2G34890	8.95471547451718e-10
AT1G30820	8.95471547451718e-10
AT2G37250	7.232163044355911e-07
AT5G50370	7.232163044355911e-07
AT5G63400	7.232163044355911e-07
AT2G41880	2.4239106308025644e-09
AT3G57550	2.4239106308025644e-09
AT5G26667	4.107549791944309e-09
AT3G60180	4.107549791944309e-09
AT4G25280	1.209849644147165e-07
AT5G63310	6.471558340282013e-07
AT4G11010	3.8829350041692084e-06
AT4G23900	3.8829350041692084e-06
AT4G09320	2.2992391090712478e-08
AT2G21790	1.4965512217415703e-09
AT3G23580	7.482756108707851e-10
AT3G27060	7.482756108707851e-10
AT3G46940	7.172221730196475e-10
AT5G59440	2.390740576732158e-10
AT2G44050	4.1094994261994985e-09
AT1G58290	4.2085151155930905e-08
AT1G09940	4.2085151155930905e-08
AT2G31250	4.2085151155930905e-08
AT5G63570	6.312772673389636e-08
AT3G48730	6.312772673389636e-08
AT1G69740	1.2625545346779273e-07
AT1G44318	1.2625545346779273e-07
AT5G08280	7.890965841737046e-09
AT2G26540	7.890965841737046e-09
AT2G40490	7.890569437226495e-09
AT3G14930	7.890569437226495e-09
AT1G03475	7.890569437226495e-09
AT4G03205	7.890569437226495e-09
AT5G14220	3.945284718613248e-09
AT4G01690	3.945284718613248e-09
AT1G08520	7.782555279733759e-09
AT4G18480	7.782555279733759e-09
AT5G13630	7.782555279733759e-09
AT5G45930	7.782555279733759e-09
AT3G59400	7.782555279733759e-09
AT4G25080	7.782555279733759e-09
AT3G56940	7.782555279733759e-09
AT5G54190	2.594185093244586e-09
AT4G27440	2.594185093244586e-09
AT1G03630	2.594185093244586e-09
AT5G18660	7.782555279733759e-09
AT1G44446	2.6055104905817056e-09
AT3G51820	7.782555279733757e-09
AT1G74470	2.3347665839201278e-08
AT4G15560	8.053448917327921e-08
AT3G21500	8.053448917327921e-08
AT5G11380	8.053448917327921e-08
AT5G62790	1.2080173375991882e-07
AT2G02500	1.2080173375991882e-07
AT2G26930	1.2080173375991882e-07
AT1G63970	3.624052012797565e-07
AT5G60600	2.4160346751983764e-07
AT4G34350	2.4160346751983764e-07
AT4G36810	5.8369164598003195e-09
AT4G38460	7.782555279733759e-09
AT3G14510	5.8369164598003195e-09
AT2G18620	1.9456388199334397e-09
AT3G14530	1.9456388199334397e-09
AT3G14550	1.9456388199334397e-09
AT3G20160	1.9456388199334397e-09
AT3G29430	1.9456388199334397e-09
AT3G32040	1.9456388199334397e-09
AT5G47720	4.4835756320491896e-08
AT5G48230	4.4835756320491896e-08
AT4G11820	8.967151264098379e-08
AT1G76490	8.967151264098379e-08
AT5G27450	8.967151264098379e-08
AT1G31910	8.967151264098379e-08
AT2G38700	8.967151264098379e-08
AT3G54250	8.967151264098379e-08
AT1G80300	2.7968949814776675e-06
AT1G15500	2.7968949814776675e-06
AT4G01100	2.079133656795743e-06
AT3G08580	1.720975552312267e-06
AT5G13490	1.720975552312267e-06
AT4G28390	1.720975552312267e-06
AT5G51050	2.079133656795743e-06
AT5G64970	2.079133656795743e-06
AT1G78180	3.581581044834757e-07
AT3G55640	3.581581044834757e-07
AT5G07320	3.581581044834757e-07
AT4G32400	8.673432605419788e-09
AT2G47490	3.116029411543424e-06
AT5G54800	4.119045613026623e-06
AT1G61800	4.119045613026623e-06
AT5G46110	3.9870532859602975e-06
AT5G17630	1.8275792881874697e-06
AT5G14040	4.915279330329062e-06
AT3G48850	4.915279330329062e-06
AT2G17270	4.915279330329062e-06
AT3G05290	8.967151264098379e-08
AT5G27520	8.967151264098379e-08
AT2G01170	4.4282670011476384e-08
AT5G22830	7.990798437479537e-09
AT2G15290	3.1970761265906806e-10
AT4G35080	3.1970761265906806e-10
AT4G39460	7.783348088754858e-09
AT5G64560	4.34301677162055e-09
AT1G80900	4.34301677162055e-09
AT4G19690	7.59974641305808e-11
AT1G80830	7.59974641305808e-11
AT1G55910	7.59974641305808e-11
AT2G04032	7.59974641305808e-11
AT4G19680	7.59974641305808e-11
AT4G33020	7.59974641305808e-11
AT5G62160	7.59974641305808e-11
P29197	7.44040186330554e-07
P34893	3.72020093165277e-07
Q9LDZ0	7.010260452492762e-08
Q8GUM2	5.3145727595039574e-08
P59230	4.122516802351666e-07
Q8VZB9	4.122516802351666e-07
P59231	4.2474415539380797e-07
Q8VYN3	0.0
Q42064	4.2474415539380797e-07
P46286	4.122516802351666e-07
Q4PSL7	4.122516802351666e-07
P17094	6.246237579320705e-07
P22738	6.246237579320705e-07
P49691	6.246237579320705e-07
Q9SF40	6.246237579320705e-07
P42794	6.246237579320705e-07
P42795	6.246237579320705e-07
Q9SZX9	6.246237579320705e-07
P49209	6.246237579320705e-07
Q42112	4.122516802351666e-07
O04204	4.122516802351666e-07
P57691	4.2474415539380797e-07
P50883	4.122516802351666e-07
Q9LFH5	4.122516802351666e-07
Q9FF52	4.2474415539380797e-07
Q9LRX8	3.1231187896603526e-07
Q9FKC0	3.1231187896603526e-07
Q9SFU1	3.1231187896603526e-07
Q9SVR0	3.1231187896603526e-07
P49690	1.249247515864141e-06
Q9LR33	4.122516802351666e-07
P49637	4.122516802351666e-07
Q9LPV3	4.2474415539380797e-07
Q93VT9	4.122516802351666e-07
Q93W22	4.2474415539380797e-07
Q08770	4.122516802351666e-07
Q8LBI1	6.246237579320705e-07
P49227	6.246237579320705e-07
P51413	6.246237579320705e-07
Q93VI3	6.246237579320705e-07
Q8LD46	6.246237579320705e-07
Q9M3C3	6.246237579320705e-07
P51414	6.246237579320705e-07
Q9FJX2	6.246237579320705e-07
Q9SF53	3.1231187896603526e-07
Q9LZ41	3.1231187896603526e-07
Q9M3D2	3.1231187896603526e-07
O80626	3.1231187896603526e-07
P60040	4.122516802351666e-07
Q9LHP1	4.2474415539380797e-07
P60039	4.122516802351666e-07
Q9FZ76	4.122516802351666e-07
Q9C9C6	4.2474415539380797e-07
Q9C9C5	4.122516802351666e-07
Q9LZH9	6.246237579320705e-07
P49692	6.246237579320705e-07
P41127	4.122516802351666e-07
Q9FF90	4.2474415539380797e-07
Q9SMT4	4.122516802351666e-07
Q9SIM4	6.246237579320705e-07
Q9T043	6.246237579320705e-07
P42791	4.122516802351666e-07
O23515	6.246237579320705e-07
Q8VYF1	6.246237579320705e-07
Q940B0	4.2474415539380797e-07
O22254	4.122516802351666e-07
P49693	4.2474415539380797e-07
Q9SRX2	4.122516802351666e-07
Q9LUQ6	4.122516802351666e-07
Q9LUD4	4.2474415539380797e-07
P51418	4.122516802351666e-07
Q8L7K0	4.122516802351666e-07
Q43291	6.246237579320705e-07
Q9FDZ9	6.246237579320705e-07
Q9M9W1	4.122516802351666e-07
Q9FE58	4.2474415539380797e-07
Q9SRX7	4.122516802351666e-07
P38666	6.246237579320705e-07
Q42347	6.246237579320705e-07
P51419	4.2474415539380797e-07
Q8LCL3	4.122516802351666e-07
Q9SKX8	4.122516802351666e-07
O82204	6.246237579320705e-07
Q9M0E2	6.246237579320705e-07
Q9M7X7	6.246237579320705e-07
Q84WM0	6.246237579320705e-07
Q9LSA3	4.2474415539380797e-07
Q8VZ19	4.122516802351666e-07
Q9C8F7	4.122516802351666e-07
P51420	4.2474415539380797e-07
Q9SLL7	0.0
Q9STR1	4.122516802351666e-07
P49211	6.246237579320705e-07
Q9FHG2	6.246237579320705e-07
Q9FZH0	3.1231187896603526e-07
P51422	3.1231187896603526e-07
Q9C912	3.1231187896603526e-07
Q9LMK0	3.1231187896603526e-07
Q42351	4.122516802351666e-07
Q9LJW6	4.2474415539380797e-07
Q9FE65	4.122516802351666e-07
Q9M352	4.122516802351666e-07
Q9LZ57	4.2474415539380797e-07
O80929	4.122516802351666e-07
Q8LEM8	4.2474415539380797e-07
Q43292	4.122516802351666e-07
Q8LFH7	4.122516802351666e-07
O22860	1.249247515864141e-06
P51424	6.246237579320705e-07
Q8L8W6	6.246237579320705e-07
Q42202	6.246237579320705e-07
B9DHA6	6.246237579320705e-07
P62120	1.249247515864141e-06
O23290	1.249247515864141e-06
Q8RXU5	6.246237579320705e-07
Q9SRK6	6.246237579320705e-07
Q8LCW9	3.1231187896603526e-07
O23095	3.1231187896603526e-07
Q8LEQ0	3.1231187896603526e-07
Q9FLV1	3.1231187896603526e-07
Q9SLF7	2.498495031728282e-07
Q9LUK2	2.498495031728282e-07
Q9LH85	2.498495031728282e-07
Q9LXM8	2.498495031728282e-07
P51407	2.498495031728282e-07
Q9SVZ6	6.246237579320705e-07
Q9LVC9	6.246237579320705e-07
Q08682	6.246237579320705e-07
Q8H173	6.246237579320705e-07
Q9FJA6	4.2474415539380797e-07
Q9M339	4.122516802351666e-07
Q9SIP7	4.122516802351666e-07
Q9LXG1	6.246237579320705e-07
Q9FLF0	6.246237579320705e-07
Q93VB8	3.1231187896603526e-07
P49688	3.1231187896603526e-07
Q9SCM3	3.1231187896603526e-07
Q8L8Y0	3.1231187896603526e-07
P51427	6.246237579320705e-07
Q9ZUT9	6.246237579320705e-07
P42798	4.2474415539380797e-07
O80646	4.122516802351666e-07
Q9LX88	4.122516802351666e-07
Q42340	4.122516802351666e-07
Q9SK22	4.2474415539380797e-07
Q9M8X9	4.122516802351666e-07
P49200	6.246237579320705e-07
Q9STY6	6.246237579320705e-07
Q9SIH0	4.2474415539380797e-07
Q9CAX6	4.122516802351666e-07
P42036	4.122516802351666e-07
P49201	6.246237579320705e-07
Q9SF35	6.246237579320705e-07
P34788	1.249247515864141e-06
Q680P8	1.249247515864141e-06
P59224	6.246237579320705e-07
P59223	6.246237579320705e-07
P16181	4.2474415539380797e-07
O65569	4.122516802351666e-07
P42733	4.122516802351666e-07
Q9FY64	1.9987960253826257e-07
Q08112	2.1237207769690399e-07
Q9FIX6	1.9987960253826257e-07
Q9FML6	2.1237207769690399e-07
Q9FY66	2.1237207769690399e-07
Q9FY65	2.1237207769690399e-07
Q9CAV0	6.246237579320705e-07
Q42262	6.246237579320705e-07
Q93VH9	4.2474415539380797e-07
Q8VYK6	4.122516802351666e-07
P49204	4.122516802351666e-07
P51430	6.246237579320705e-07
O48549	6.246237579320705e-07
Q9M885	4.122516802351666e-07
Q8LD03	4.122516802351666e-07
Q9C514	4.2474415539380797e-07
Q93VG5	6.246237579320705e-07
Q9FIF3	6.246237579320705e-07
Q9FFS8	4.122516802351666e-07
Q9SW09	4.2474415539380797e-07
Q9LTF2	4.122516802351666e-07
Q9SKZ3	6.246237579320705e-07
Q9S9P1	6.246237579320705e-07
Q9SJ36	3.1231187896603526e-07
Q9LZ17	3.1231187896603526e-07
P49205	3.1231187896603526e-07
Q9SQZ1	3.1231187896603526e-07
Q9SGA6	4.2474415539380797e-07
Q9FNP8	4.122516802351666e-07
Q9LF30	4.122516802351666e-07
Q9M337	6.246237579320705e-07
Q3E902	6.246237579320705e-07
Q8LC83	6.246237579320705e-07
Q9SS17	6.246237579320705e-07
Q9SIK2	3.1231187896603526e-07
Q9T029	3.1231187896603526e-07
Q8GYL5	3.1231187896603526e-07
Q9SIW5	3.1231187896603526e-07
Q8LPJ7	4.2474415539380797e-07
Q9LYK9	4.122516802351666e-07
P49206	4.122516802351666e-07
Q9M2F1	3.1231187896603526e-07
Q8L953	3.1231187896603526e-07
O64650	3.1231187896603526e-07
B3H5X2	3.1231187896603526e-07
Q9SR73	6.246237579320705e-07
P34789	6.246237579320705e-07
P49689	1.249247515864141e-06
P59232	4.122516802351666e-07
P59233	4.122516802351666e-07
P59271	4.2474415539380797e-07
Q9LV28	4.122516802351666e-07
Q9C4Z6	4.122516802351666e-07
O24456	4.2474415539380797e-07
rrna_18S	1.249247515864141e-06
RRNA23S	1.7424311200484993e-06
RRNA4_DASH_5S	1.7424311200484993e-06
RRNA5S	1.7424311200484993e-06
F4I366	2.8695277239123363e-10
Q9SVY0	2.8695277239123363e-10
A8MRK9	3.1176146720089375e-10
Q9LU97	2.8695277239123363e-10
Q39216	2.8695277239123363e-10
Q9LVK6	2.8695277239123363e-10
O81098	3.1176146720089375e-10
Q9M1J2	3.1176146720089375e-10
Q9ZVB9	3.1176146720089375e-10
Q9SJ96	3.1176146720089375e-10
O81097	3.1176146720089375e-10
Q9M1H8	3.1176146720089375e-10
Q9SYA6	3.1176146720089375e-10
Q9C8M4	3.1176146720089375e-10
Q9FJL8	3.1176146720089375e-10
P82805	1.290003902669167e-07
Q9LHE5	1.290003902669167e-07
Q9FNC9	1.290003902669167e-07
Q9SD80	1.290003902669167e-07
Q9ASY8	1.290003902669167e-07
Q9XIA7	1.290003902669167e-07
P21240	2.5892139219678805e-06
O65282	2.5892139219678805e-06
Q9LJE4	2.5892139219678805e-06
P21238	2.5892139219678805e-06
Q9C667	2.5892139219678805e-06
C0Z361	2.5892139219678805e-06
O80504	2.5892139219678805e-06
Q56XV8	2.5892139219678805e-06
P22953	4.7370282345047795e-08
A2RVP7	1.0468558769066348e-07
Q9XH48	3.328280537384745e-07
Q9XGX9	3.328280537384745e-07
Q9XGY4	3.328280537384745e-07
Q9ZW33	3.328280537384745e-07
Q39079	6.257096888828013e-09
Q9SRL6	6.257096888828013e-09
Q9SIF2	3.6107609662562084e-07
Q9STW6	3.6107609662562084e-07
Q9LTX9	3.6107609662562084e-07
Q9SP35	1.216424646205515e-07
Q8VYE2	1.216424646205515e-07
Q1G3L1	1.216424646205515e-07
Q38820	1.216424646205515e-07
Q93VV9	1.695687692988804e-08
Q9FLP3	1.695687692988804e-08
Q1PF33	1.695687692988804e-08
Q8RV04	1.695687692988804e-08
F4JE34	1.695687692988804e-08
Q84JU6	7.348026284120423e-09
Q8LLD0	7.348026284120423e-09
Q9CAF4	7.348026284120423e-09
F4I1T7	7.348026284120423e-09
A4GSN8	7.348026284120423e-09
Q8RY25	7.348026284120423e-09
Q8RWH9	7.348026284120423e-09
Q9C811	7.348026284120423e-09
Q9FFK6	7.348026284120423e-09
Q8L7F7	7.348026284120423e-09
Q93VR9	7.348026284120423e-09
Q0WPZ7	7.348026284120423e-09
O64740	7.348026284120423e-09
Q9C829	7.348026284120423e-09
Q38942	7.348026284120423e-09
F4HXV6	7.348026284120423e-09
F4ID16	7.348026284120423e-09
F4KHD8	7.348026284120423e-09
Q9LW88	7.348026284120423e-09
Q8GYF7	7.348026284120423e-09
Q9FWS3	7.348026284120423e-09
Q8RXH2	7.348026284120423e-09
Q8L748	7.348026284120423e-09
F4IGA5	7.348026284120423e-09
F4KBW6	7.348026284120423e-09
O04326	7.348026284120423e-09
O22224	7.348026284120423e-09
Q8GWR1	7.348026284120423e-09
Q24JJ9	7.348026284120423e-09
F4J284	7.348026284120423e-09
F4JUG3	7.348026284120423e-09
Q8LAF4	7.348026284120423e-09
O22993	5.496243615409925e-07
A8MPR5	5.496243615409925e-07
Q9SAJ3	5.496243615409925e-07
F4J3N2	5.496243615409925e-07
F4KF14	5.496243615409925e-07
Q9SN86	5.496243615409925e-07
O81283	5.496243615409925e-07
Q38906	1.1689870988905047e-06
Q8LPR8	5.496243615409925e-07
Q9STE8	1.6488730846229775e-06
Q7Y1W1	5.496243615409925e-07
F4ISL7	5.496243615409925e-07
Q9ZQZ9	3.8966236629683493e-07
P56786	5.496243615409925e-07
P56785	5.496243615409925e-07
Q9SZB2	5.496243615409925e-07
O23680	4.798859857324727e-07
Q8GZ79	1.5996199524415759e-07
Q42191	3.6143217366486395e-08
Q9SR19	1.2021487040743074e-08
Q9LKR8	1.2021487040743074e-08
Q94AU9	4.80859481629723e-08
Q8L9X2	4.80859481629723e-08
Q9SFC3	1.0468558769066346e-07
F4KD38	2.4808694809660105e-11
F4JXF9	2.4808694809660105e-11
Q9ZQC0	2.4808694809660105e-11
F4JG25	2.4808694809660105e-11
Q9C6C2	2.4808694809660105e-11
Q9LSZ5	2.4808694809660105e-11
Q8LPK6	2.4808694809660105e-11
Q9M9Y6	2.4808694809660105e-11
Q9FGZ3	2.4808694809660105e-11
Q9FY77	2.4808694809660105e-11
O50061	4.931836041843581e-07
O65686	2.4659180209217906e-07
P16180	4.931836041843581e-07
P92959	4.931836041843581e-07
P93014	4.931836041843581e-07
Q39101	4.931836041843581e-07
Q8VYM4	4.931836041843581e-07
Q8W4I6	4.931836041843581e-07
Q9FYK5	5.414354050712268e-07
O23049	4.931836041843581e-07
O80439	4.931836041843581e-07
P25873	4.931836041843581e-07
P36210	2.4659180209217906e-07
P42732	4.931836041843581e-07
P51412	4.931836041843581e-07
P62126	4.931836041843581e-07
Q8VY91	4.931836041843581e-07
Q93VC7	4.931836041843581e-07
Q9ASV6	4.931836041843581e-07
Q9FLN4	4.931836041843581e-07
Q9FWS4	4.931836041843581e-07
Q9LY66	4.931836041843581e-07
Q9SX22	4.931836041843581e-07
Q9SX68	4.931836041843581e-07
O04603	4.931836041843581e-07
O22795	4.931836041843581e-07
P25864	4.931836041843581e-07
P36212	2.4659180209217906e-07
P56791	4.931836041843581e-07
P56792	4.931836041843581e-07
P56793	4.931836041843581e-07
P56794	4.931836041843581e-07
P56795	4.931836041843581e-07
P56798	4.931836041843581e-07
P56799	4.931836041843581e-07
P56801	4.931836041843581e-07
P56802	4.931836041843581e-07
P56804	4.931836041843581e-07
P56807	4.931836041843581e-07
P61841	4.931836041843581e-07
P61845	4.931836041843581e-07
Q8RXX5	2.4659180209217906e-07
Q8VZ55	4.931836041843581e-07
Q8W463	2.4659180209217906e-07
Q9FJP3	4.931836041843581e-07
Q9FKP0	4.931836041843581e-07
Q9FY50	4.931836041843581e-07
Q9LER7	4.931836041843581e-07
Q9LK61	4.931836041843581e-07
Q9M385	4.931836041843581e-07
Q9MAP3	4.931836041843581e-07
Q9SKX4	4.931836041843581e-07
Q9SYL9	4.931836041843581e-07
Q9XJ27	4.931836041843581e-07
P36211	0.0
P56796	4.931836041843581e-07
P56797	4.931836041843581e-07
P56805	4.931836041843581e-07
P56806	2.948436029790478e-07
P56808	4.931836041843581e-07
P61847	4.931836041843581e-07
P62117	4.931836041843581e-07
Q94BY1	4.931836041843581e-07
Q9LFV0	0.0
Q9LP37	4.931836041843581e-07
RRNA16S	4.931836041843581e-07
Q94K05	3.8700196974807337e-08
Q84WV1	3.8700196974807337e-08
Q9SF16	3.8700196974807337e-08
O04450	3.8700196974807337e-08
Q940P8	3.8700196974807337e-08
Q9M888	3.8700196974807337e-08
P28769	3.8700196974807337e-08
Q9LV21	3.8700196974807337e-08
O22768	4.8251800886868725e-08
O23160	4.8251800886868725e-08
O81313	4.8251800886868725e-08
Q8L6Z4	4.8251800886868725e-08
Q8L9A0	4.8251800886868725e-08
Q9ATB4	4.8251800886868725e-08
Q9FEE2	4.8251800886868725e-08
Q9FME4	4.8251800886868725e-08
Q9LVA9	4.8251800886868725e-08
O23090	4.8251800886868725e-08
P39697	4.8251800886868725e-08
Q8LEZ4	4.8251800886868725e-08
Q8VZT8	4.8251800886868725e-08
Q9FZ84	4.8251800886868725e-08
Q9LTS6	4.8251800886868725e-08
P0C896	4.8251800886868725e-08
P42793	4.8251800886868725e-08
P42797	4.8251800886868725e-08
P59583	4.8251800886868725e-08
P92532	4.8251800886868725e-08
P93311	4.8251800886868725e-08
Q31708	4.8251800886868725e-08
Q8LDU5	4.8251800886868725e-08
Q8LE47	4.8251800886868725e-08
Q8LPF1	4.8251800886868725e-08
Q8RXN4	4.8251800886868725e-08
Q8VZU4	4.8251800886868725e-08
Q93Z17	4.8251800886868725e-08
Q95747	4.8251800886868725e-08
Q95749	4.8251800886868725e-08
Q9CA19	4.8251800886868725e-08
Q9LK57	4.8251800886868725e-08
Q9LRN8	4.8251800886868725e-08
Q9M065	4.8251800886868725e-08
Q9M0E0	2.4125900443434362e-08
Q9MAG8	4.8251800886868725e-08
Q9ZUU3	4.8251800886868725e-08
O22714	4.8251800886868725e-08
O82205	2.4125900443434362e-08
P0C897	4.8251800886868725e-08
P92557	4.8251800886868725e-08
Q9GCB9	4.8251800886868725e-08
Q9LG23	4.8251800886868725e-08
Q9SAB4	4.8251800886868725e-08
Q9SJU8	4.8251800886868725e-08
Q9ZU67	4.8251800886868725e-08
Q940Z1	4.8251800886868725e-08
Q6GKU7	4.8251800886868725e-08
Q9LSA1	4.8251800886868725e-08
Q9SMX4	4.8251800886868725e-08
Q9LMQ3	2.4125900443434362e-08
Q9M8M9	2.4125900443434362e-08
Q9XIA6	4.8251800886868725e-08
Q9LML3	4.8251800886868725e-08
F4JCI2	4.8251800886868725e-08
Q8GW63	4.8251800886868725e-08
F4HPB7	4.8251800886868725e-08
Q8W4K2	4.8251800886868725e-08
Q8GXH5	4.8251800886868725e-08
Q9FHC3	4.8251800886868725e-08
Q9LJQ6	2.4125900443434362e-08
A0A1P8B5A6	2.4125900443434362e-08
O65448	4.8251800886868725e-08
Q1JPP0	2.4125900443434362e-08
F4IXL3	2.4125900443434362e-08
Q9C8L9	4.8251800886868725e-08
A0A178WQQ6	4.8251800886868725e-08
Q1G3Z3	4.8251800886868725e-08
Q6IDB8	4.8251800886868725e-08
Q945P2	4.8251800886868725e-08
Q8RWT4	4.8251800886868725e-08
Q8VY61	4.8251800886868725e-08
Q9ZPX2	4.8251800886868725e-08
Q9LVU5	4.8251800886868725e-08
Q9LHH1	4.8251800886868725e-08
Q9SVW7	4.8251800886868725e-08
Q9M7T1	1.592309429266668e-08
O04527	1.592309429266668e-08
Q9SZF8	1.6405612301535368e-08
Q7XA68	4.8251800886868725e-08
Q9FLF3	4.8251800886868725e-08
Q8LD39	2.4125900443434362e-08
Q1ECK2	2.4125900443434362e-08
Q8LDK5	4.8251800886868725e-08
O48691	4.8251800886868725e-08
Q8LCN1	4.8251800886868725e-08
Q56W16	2.4125900443434362e-08
Q8LDU0	2.4125900443434362e-08
Q9SMR5	4.8251800886868725e-08
Q9LT09	4.8251800886868725e-08
F4JPA3	2.4125900443434362e-08
Q9FKZ4	2.4125900443434362e-08
Q9ZVX0	4.8251800886868725e-08
Q9SV23	4.8251800886868725e-08
Q94JQ7	4.8251800886868725e-08
Q8L908	4.8251800886868725e-08
Q1G3G5	2.4125900443434362e-08
Q94F28	2.4125900443434362e-08
Q9SQT5	4.8251800886868725e-08
Q8W464	4.8251800886868725e-08
Q9M0V5	4.8251800886868725e-08
Q9LUJ9	2.4125900443434362e-08
Q8GXS6	2.4125900443434362e-08
F4J9E4	4.8251800886868725e-08
Q8L7U3	4.8251800886868725e-08
Q940G3	4.8251800886868725e-08
Q9S799	4.8251800886868725e-08
Q9SD44	4.8251800886868725e-08
Q9C9B5	4.8251800886868725e-08
RRN26S	4.8251800886868725e-08
RRN5S	4.8251800886868725e-08
RRN18S	4.8251800886868725e-08